episode,return,return_ma100
1,-0.2674626921742114,-0.2674626921742114
2,-0.31008868141353035,-0.2887756867938709
3,-0.25611059056828617,-0.2778873213853426
4,-0.27124672604285316,-0.2762271725497203
5,-0.26367865830556964,-0.27371746970089017
6,-2.9469512039652517,-0.719256425411617
7,-1.4057783216504882,-0.8173309820171701
8,-2.9819149046423292,-1.087903972345315
9,-0.29555459929226563,-0.9998651531171983
10,-2.2485425228310034,-1.124732890088579
11,-0.2842024976863405,-1.04832103623383
12,-6.702044921064111,-1.5194646933030203
13,-1.2674626921742118,-1.5000799239854195
14,-0.31008868141353035,-1.4150805495159988
15,-0.27124672604285316,-1.3388249612844556
16,-1.2917705654236242,-1.3358840615431538
17,-0.2674626921742114,-1.2730357456979218
18,-0.2371904212250776,-1.2154887832272083
19,-0.26367865830556964,-1.1653935134944904
20,-7.377835619372167,-1.4760156187883742
21,-5.937005378253295,-1.688443702572418
22,-2.3100886814135304,-1.7167002925197414
23,-8.48376284559738,-2.010920403523117
24,-4.257528566131335,-2.104529076965126
25,-7.058039697738838,-2.3026695017960743
26,-0.31008868141353035,-2.2260317779352077
27,-0.25611059056828617,-2.153071733958655
28,-0.4664581195804982,-2.0928355334451494
29,-6.438065972523119,-2.2426710658271483
30,-0.5443698799039817,-2.186061026296376
31,-2.2297391131720667,-2.1874699968407527
32,-2.998074168347156,-2.212801377200328
33,-4.8459777032798135,-2.2925945992027366
34,-2.783875571721312,-2.30704403957093
35,-0.2674626921742114,-2.248770286788167
36,-3.722374451277595,-2.289703735801762
37,-0.2879865315549822,-2.235603270822119
38,-2.99191001379797,-2.2555060798477995
39,-4.683692749644629,-2.317767276509257
40,-5.357889071879571,-2.393770321393515
41,-3.5835045211133467,-2.4227882287037543
42,-4.6719839477593155,-2.476340507728887
43,-0.45054821700380093,-2.429229059107373
44,-1.8158918304010176,-2.415289576636774
45,-7.186568067940517,-2.521317987554635
46,-2.1666660741733863,-2.513608163350695
47,-0.37694884463599454,-2.4681473267822973
48,-0.2674626921742114,-2.422299730227962
49,-7.402035846357918,-2.5239269979040837
50,-1.288996330236536,-2.4992283845507326
51,-1.366272495649639,-2.4770135631997308
52,-2.000835073985539,-2.4678562845609964
53,-1.942639399469341,-2.4579465320120972
54,-0.9435792962250822,-2.4299026943123376
55,-0.3413625690469239,-2.39192923748933
56,-0.8000932334951337,-2.363503594560862
57,-4.20814625953559,-2.3958657465779627
58,-8.308424996044028,-2.497806423292895
59,-0.3662724956496386,-2.4616787296040266
60,-2.1402088407790565,-2.45632089812361
61,-1.3381805885315847,-2.4379907291139045
62,-0.40896030216582724,-2.405264431905065
63,-6.191277855273077,-2.465359883069636
64,-1.0084031417228219,-2.442594933986092
65,-0.2598946244369279,-2.409014929223798
66,-1.2636786583055701,-2.3916613493614003
67,-1.7207454346771753,-2.381647678992979
68,-1.3173523067261064,-2.3659962764596427
69,-0.4121422826811667,-2.3376795519121285
70,-0.8305643833241244,-2.316149335218014
71,-1.997051040116897,-2.3116549930334913
72,-3.0749513808524087,-2.3222563317531986
73,-0.8517039891508574,-2.30211177911481
74,-0.3047263370671112,-2.2751200839520034
75,-0.26367865830556964,-2.2483008649433844
76,-6.237289406224357,-2.300787556276029
77,-1.2674626921742118,-2.287367752846135
78,-0.8795644453423901,-2.269318992493523
79,-0.6517760967150036,-2.248843765964681
80,-2.215032807424291,-2.248421128982926
81,-0.46327613906515874,-2.2263823019469045
82,-2.310088681413531,-2.227403111452595
83,-0.9781308707736882,-2.2123516386733306
84,-0.31008868141353035,-2.1897056510869044
85,-0.9588129436707657,-2.175224560411421
86,-3.2447584889623617,-2.1876610014410827
87,-0.27124672604285316,-2.165633251149149
88,-0.738737536201478,-2.1494185271156527
89,-0.33818058853158445,-2.1290675390416745
90,-0.24097445509371934,-2.108088726997808
91,-0.9892840934997563,-2.095794170585742
92,-0.26367865830556964,-2.075879871539218
93,-0.9892840934997563,-2.0641960459689015
94,-1.948261774297999,-2.0629627026532535
95,-1.2955545992922661,-2.054884722617875
96,-1.2955545992922661,-2.046975033833233
97,-0.24097445509371934,-2.0283564711658153
98,-1.4801570219153912,-2.0227625992346887
99,-6.2967403496597605,-2.0659340916632245
100,-0.6992455139302605,-2.052267205885895
101,-2.0046191078541806,-2.069638770042695
102,-0.09376493826673109,-2.0674755326112266
103,-0.735968953321813,-2.072274116238762
104,-0.8158918304010184,-2.0777205672823436
105,-1.795179498990541,-2.093035575689193
106,-1.9183926778223108,-2.082749990427764
107,-0.5290252586184333,-2.0739824597974432
108,-1.8839542096335355,-2.0630028528473554
109,-0.8642175136684545,-2.0686894819911172
110,-0.97096597750985,-2.0559137165379058
111,-2.4664581195804987,-2.077736272756847
112,-1.9892840934997573,-2.030608664481204
113,-0.3662724956496386,-2.0215967625159577
114,-0.49773200721389177,-2.0234731957739616
115,-0.31008868141353035,-2.0238616153276685
116,-0.33818058853158445,-2.014325715558748
117,-0.8831729491182932,-2.0204828181281886
118,-0.9086327861853011,-2.027197241777791
119,-0.10682732183910382,-2.0256287284131265
120,-0.23433108578588727,-1.954193683077264
121,-0.3198624725416781,-1.8980222540201475
122,-0.1387032628257997,-1.8763083998342702
123,-0.5570978019653394,-1.79704174939795
124,-0.8969937537153099,-1.7634364012737893
125,-0.4121422826811667,-1.6969774271232128
126,-0.10682732183910382,-1.6949448135274687
127,-0.7262845409739533,-1.6996465530315255
128,-0.26367865830556964,-1.697618758418776
129,-0.9588129436707657,-1.6428262281302524
130,-0.7860227339253301,-1.645242756670466
131,-0.3517384135283739,-1.626462749674029
132,-0.38427822514524196,-1.6003247902420097
133,-0.3413625690469239,-1.555278638899681
134,-0.2371904212250776,-1.5298117873947186
135,-0.49136804618321284,-1.5320508409348086
136,-1.7391606157227268,-1.51221870257926
137,-0.25611059056828617,-1.5118999431693931
138,-0.9283417938417751,-1.4912642609698312
139,-0.3880622590138837,-1.4483079560635235
140,-0.9671819436412082,-1.40440088478114
141,-0.6992455139302605,-1.3755582947093092
142,-0.0749513808524078,-1.32958796904024
143,-0.42882027091642566,-1.3293706895793662
144,-1.557066523989581,-1.3267824365152519
145,-2.722362205347883,-1.2821403778893257
146,-0.29555459929226563,-1.2634292631405144
147,-0.2674626921742114,-1.2623344016158964
148,-0.0749513808524078,-1.2604092885026785
149,-0.5403254170275867,-1.1917921842093753
150,-1.2371904212250775,-1.1912741251192605
151,-0.1387032628257997,-1.1789984327910221
152,-0.8158918304010184,-1.167149000355177
153,-3.9054478137511177,-1.1867770844979946
154,-0.2409744550937193,-1.179751036086681
155,-0.3403863119224488,-1.1797412735154365
156,-0.9819149046423299,-1.1815594902269084
157,-2.7597535688944412,-1.1670755633204968
158,-0.31008868141353035,-1.0870922001741918
159,-0.27124672604285316,-1.086141942478124
160,-0.93731284716552,-1.0741129825419886
161,-0.7561536374496417,-1.0682927130311692
162,-0.7262845409739533,-1.0714659554192503
163,-0.1387032628257997,-1.0109402094947777
164,-0.8064571945258127,-1.0089207500228077
165,-0.10682732183910382,-1.0073900769968294
166,-2.800407158382643,-1.0227573619976003
167,-0.31607843867303637,-1.0087106920375586
168,-0.0749513808524078,-0.9962866827788217
169,-0.8158918304010184,-1.0003241782560202
170,-0.36305820520354576,-0.9956491164748144
171,-0.3413625690469239,-0.9790922317641146
172,-1.294240833079393,-0.9612851262863846
173,-0.9297447794282365,-0.9620655341891583
174,-0.7896977515333824,-0.966915248333821
175,-0.3299589087459748,-0.9675780508382252
176,-0.36945447616497806,-0.9088997015376313
177,0.05031603458433789,-0.8957219142700459
178,-0.8828224960250557,-0.8957544947768724
179,-0.827382402808785,-0.8975105578378104
180,-0.2417728585164562,-0.8777779583487321
181,-0.020974944424064695,-0.873354946402321
182,-0.27663442994905707,-0.8530204038876762
183,-0.23433108578588727,-0.8455824060377982
184,-0.8158918304010184,-0.850640437527673
185,0.21820660005092016,-0.8388702420904562
186,-0.33818058853158445,-0.8098044630861484
187,-0.5915633519996464,-0.8130076293457164
188,-0.31008868141353035,-0.8087211407978369
189,0.040770093038319494,-0.8049316339821379
190,-0.27285039608041534,-0.8052503933920048
191,-0.43144389022624097,-0.7996719913592698
192,-0.8242004222934455,-0.8052772089991486
193,-0.7118617645235014,-0.8025029857093859
194,-0.4351842319471046,-0.787372210285877
195,-0.42882027091642566,-0.7787048670021186
196,-0.25611059056828617,-0.7683104269148786
197,-0.8212328393218667,-0.7741130107571602
198,-1.3445497760509175,-0.7727569382985154
199,-1.2343310857858878,-0.7221328456597768
200,-0.6665463480225766,-0.7218058540006999
201,-0.46327613906515874,-0.7063924243128096
202,0.05031603458433789,-0.7049516145842989
203,-0.2917705654236239,-0.7005096307053172
204,-1.6298168395716754,-0.7086488807970237
205,-0.5692798065066964,-0.6963898838721854
206,-0.42972634507765256,-0.6815032205447388
207,-1.4881860656678736,-0.6910948286152331
208,-0.10682732183910382,-0.6733235597372886
209,-1.9149967472159806,-0.6838313520727639
210,-0.17057920381249556,-0.6758274843357904
211,0.04713405406899843,-0.6506915625992956
212,-0.0749513808524078,-0.631548235472822
213,-0.42882027091642566,-0.6321737132254899
214,-1.0339734550038628,-0.6375361277033896
215,-0.09694691878207055,-0.635404710077075
216,-0.3274305402789615,-0.6352972095945488
217,-0.39371079071936643,-0.6304025880105595
218,-0.0749513808524078,-0.6220657739572306
219,-0.17057920381249556,-0.6227032927769645
220,-0.6169723715895714,-0.6265297056350013
221,-1.3128542587289729,-0.6364596234968743
222,-1.0749513808524078,-0.6458221046771403
223,0.056772324887043146,-0.6396834034086165
224,-0.2013648362783952,-0.6327271142342474
225,-0.7860227339253301,-0.6364659187466891
226,-0.1387032628257997,-0.636784678156556
227,-0.8242004222934455,-0.6377638369697509
228,-0.3236465064103198,-0.6383635154507984
229,-0.3413625690469239,-0.63218901170456
230,-1.5194599533012672,-0.6395233838983194
231,-0.7860227339253301,-0.6438662271022889
232,-0.12293859900569759,-0.6412528308408935
233,0.21017945202465202,-0.6357374106301777
234,-0.14577428782504742,-0.6348232492961775
235,0.05667999561501677,-0.6293427688781952
236,-3.233620034913606,-0.6442873630701039
237,-0.0683090941440156,-0.6424093481058613
238,-2.0439474033007254,-0.6535654042004508
239,0.2262337480771884,-0.64742244412954
240,-0.2024551447991914,-0.6397751761411198
241,-0.07093287753661748,-0.6334920497771834
242,-1.149589567222109,-0.6442384316408805
243,-0.5602797824806789,-0.645553026756523
244,-1.082023556107478,-0.6408025970777018
245,-1.1632585446268853,-0.625211560470492
246,-0.5756437675373751,-0.628012452152943
247,0.20750373601589597,-0.623262787871042
248,-0.6505721015100792,-0.6290189950776186
249,-1.635226562573276,-0.6399680065330756
250,-0.43223010101389464,-0.6319184033309637
251,-0.13951799739835924,-0.6319265506766893
252,-0.0683090941440156,-0.6244507233141193
253,-0.09694691878207055,-0.5863657143644287
254,-0.2690663622117736,-0.5866466334356093
255,-0.30851037093575295,-0.5863278740257425
256,-0.07467305517469446,-0.577255455531066
257,-0.5348239383579634,-0.5550061592257013
258,-0.07785503569003387,-0.5526838227684663
259,-0.09058295775139162,-0.5508771850855517
260,-0.10682732183910382,-0.5425723298322875
261,-1.4030924810533782,-0.5490417182683249
262,-0.730766994959097,-0.5490865428081764
263,-0.10682732183910382,-0.5487677833983093
264,-0.09058295775139162,-0.5416090410305652
265,-0.09694691878207055,-0.5415102369999949
266,-0.4678900758692322,-0.5181850661748607
267,-0.4320022514317651,-0.519344304302448
268,-0.09694691878207055,-0.5195642596817447
269,-0.3715875899111104,-0.5151212172768456
270,-0.3585009044455591,-0.5150756442692657
271,-1.2535262568525174,-0.5241972811473216
272,-0.4664581195804982,-0.5159194540123326
273,-0.10719751011511516,-0.5076939813192015
274,-0.014610983393385762,-0.4999431136378015
275,-0.04030814609396893,-0.4970466060112814
276,-0.4499299412924782,-0.4978513606625565
277,-0.1800278210540721,-0.5001547992189405
278,-0.6864059204007859,-0.4981906334626979
279,-0.04030814609396893,-0.49031989089554967
280,-0.4600941585498193,-0.49250310389588337
281,-0.10682732183910382,-0.49336162767003366
282,0.08440297112651679,-0.48975125365927796
283,-0.12678890501133014,-0.48867583185153235
284,-0.07785503569003387,-0.48129546390442257
285,-1.4035289426321296,-0.4975128193312531
286,-0.14845000383380347,-0.49561551348427524
287,-1.5607010410916349,-0.505306890375195
288,-1.33369479810653,-0.5155429515421251
289,-0.07785503569003387,-0.5167292028294086
290,-0.7280912789503409,-0.5212816116581078
291,-0.8768446725921899,-0.5257356194817674
292,-0.09376493826673109,-0.5184312646415002
293,-0.08740097723605215,-0.5121866567686257
294,-1.1906834340580614,-0.5197416487897353
295,-0.09694691878207055,-0.5164229152683918
296,-1.5935397106157376,-0.5297972064688663
297,-0.3662724956496386,-0.525247603032144
298,-0.7728312293125115,-0.5195304175647599
299,0.07485139773470162,-0.506438592729554
300,-0.09694691878207055,-0.500742598437149
301,-0.08740097723605215,-0.496983846818858
302,-0.7632581226354642,-0.505119588391056
303,-0.42302946683562637,-0.5064321774051759
304,0.23801091907972316,-0.48775389981866196
305,-0.5411878993886422,-0.48747298074748147
306,-0.09694691878207055,-0.48414518648452565
307,-0.07467305517469446,-0.4700100563795938
308,-0.5473934907096448,-0.4744157180682992
309,-0.09058295775139162,-0.45617158017365333
310,-0.04030814609396893,-0.4548688695964681
311,-0.04030814609396893,-0.45574329159809773
312,0.2155308840421641,-0.4528384689491521
313,-0.09694691878207055,-0.4495197354278085
314,-0.08103701620537328,-0.4399903710398236
315,-1.1097232502712984,-0.45011813435471587
316,-0.04030814609396893,-0.44724691041286596
317,-0.07467305517469446,-0.4440565330574192
318,-0.43655136124869753,-0.44767253286138214
319,-0.14913331562293253,-0.4474580739794865
320,-0.6606132311231795,-0.4478944825748226
321,-1.2470493753974714,-0.44723643374150757
322,-0.09376493826673109,-0.4374245693156508
323,-0.0749513808524078,-0.43874180637304533
324,-0.07745974604541406,-0.43750275547071543
325,-0.09694691878207055,-0.4306119973192829
326,-0.0619451331133367,-0.4298444160221582
327,-0.09694691878207055,-0.4225718809870445
328,-0.08421899672071269,-0.4201776058901484
329,-0.8847952285571399,-0.42561193248525064
330,-0.7200641309240724,-0.4176179742614787
331,-0.33774583435793315,-0.41313520526580466
332,-0.04030814609396893,-0.41230890073668747
333,0.3390552700080739,-0.4110201425568532
334,-0.09694691878207055,-0.41053186886642334
335,-0.7130976235472617,-0.4182296450580462
336,0.06940791767637444,-0.3851993655321464
337,-0.07785503569003387,-0.38529482494760664
338,-0.04030814609396893,-0.365258432375539
339,-0.09376493826673109,-0.36845841923897815
340,-0.7561536374496417,-0.3739954041654827
341,0.41178302964021324,-0.3691682450937144
342,-0.24854252283100275,-0.3601577746498033
343,-0.08740097723605215,-0.35542898659735706
344,-0.08421899672071269,-0.3454509410034894
345,0.20482802000713993,-0.33177007535714914
346,-0.06512711362867615,-0.3266649088180622
347,-0.47298070664929937,-0.3334697532447142
348,0.20750373601589597,-0.32488899486945444
349,-0.4552813733099904,-0.3130895429768215
350,0.20750373601589597,-0.30669220460652363
351,-0.09376493826673109,-0.3062346740152073
352,-0.06845974604541416,-0.30623618053422136
353,-0.910442957202938,-0.31437114091843
354,-0.874980667268093,-0.32043028396899315
355,-0.09376493826673109,-0.318282829642303
356,-0.0683090941440156,-0.31821919003199617
357,-0.8459896089271273,-0.32133084673768786
358,-0.6483221015100793,-0.32703551739588826
359,-0.4981876646301554,-0.331111564464676
360,0.3182722961589747,-0.3268605682846951
361,-0.7108476235472618,-0.319938119709634
362,-0.04030814609396893,-0.3130335312209827
363,-0.11126399137429965,-0.31307789791633467
364,-1.0267906200483652,-0.3224399745393044
365,-0.8781665197518154,-0.3302521705490018
366,-0.07149107465935504,-0.3262881805369031
367,-0.842637319937165,-0.330394531221957
368,-0.09694691878207055,-0.3303945312219571
369,-0.8505310828113546,-0.33518396615095947
370,-0.7362051597598628,-0.3389610087041025
371,-0.09694691878207055,-0.3273952153233981
372,-1.0831444818382208,-0.3335620789459752
373,-0.04030814609396893,-0.3328931853057638
374,-0.7113142262028845,-0.3398602177338589
375,-0.3479543796597322,-0.3429366800695165
376,-0.24836706472045827,-0.34092105130379624
377,-0.6483221015100793,-0.34560399410835635
378,-1.4099618913137266,-0.3528395538174858
379,-0.6483221015100793,-0.3589196933716468
380,-0.08289172656075344,-0.3551476690517561
381,0.34355527000807384,-0.3506438431332844
382,-0.9748079080472924,-0.3612359519250225
383,0.7491971106396468,-0.3524760917685127
384,-0.6717564871412839,-0.3584151062830252
385,0.10226027651210273,-0.3433572140915829
386,-1.8700669736361881,-0.36057338378960674
387,-0.15716046364920067,-0.34653797801518244
388,-0.21932440500477793,-0.3353942740841649
389,-2.455058224505358,-0.3591663059723181
390,-0.48838068311240845,-0.3567692000139388
391,-0.7223312874001495,-0.35522406616201835
392,0.033543649147083576,-0.35395098028788025
393,-0.49015470390373506,-0.3579785175545571
394,-7.116875187714612,-0.41724043509112263
395,-0.5293634368110929,-0.4215646002714128
396,-0.9778799325313572,-0.41540800249056903
397,-1.0312954663575544,-0.42205823219764815
398,-0.3129682514905757,-0.4174596024194288
399,-1.0325319593147373,-0.42853343598992316
400,-1.0137937131567423,-0.43770190393367
401,-1.027852000714445,-0.4471064141684538
402,-0.4584633538253301,-0.4440584664803525
403,-1.2096365203016144,-0.45192453701501234
404,-0.5403446989692017,-0.45970809319550165
405,-0.9788837247171474,-0.46408505144878665
406,-0.5650807982352561,-0.4687663902433185
407,-0.745207021548251,-0.4754717299070541
408,-0.08421899672071269,-0.47083998496716484
409,-0.742107093074868,-0.4773552263203995
410,-0.7636969079580983,-0.4845891139390408
411,-0.4299629703365296,-0.48848566218146644
412,0.09519657735800816,-0.489689005248308
413,0.208416551998478,-0.48663537054050254
414,0.20482802000713993,-0.48377672017837736
415,-1.9241665850646341,-0.4919211535263108
416,-1.154047169596815,-0.5030585437613392
417,-0.6246875087499866,-0.5085586882970922
418,-0.26985686776756834,-0.5068917433622808
419,-0.806897938449518,-0.5134693895905467
420,-0.9513177300695492,-0.5163764345800104
421,-0.6784300126503647,-0.5106902409525393
422,-0.056035897200021834,-0.5103129505418722
423,-2.021695132841307,-0.5297803880617612
424,-0.2598946244369279,-0.5316047368456763
425,-0.6456142310577987,-0.5370914099684336
426,-0.7205696397195113,-0.5436776550344954
427,0.20750373601589597,-0.5406331484865157
428,-0.4014286863187385,-0.543805245382496
429,-0.9238806704223318,-0.5441960998011478
430,-0.2932936778040556,-0.5399283952699477
431,-0.5611999799702533,-0.542162936726071
432,-3.6997317974012622,-0.5787571732391439
433,-0.8273939008539519,-0.590421664947764
434,-0.45231532456449475,-0.5939753490055883
435,-0.37677200500705177,-0.5906120928201862
436,-0.4106889380784642,-0.5954130613777346
437,-0.2883230918009927,-0.5975177419388442
438,-2.339338624358452,-0.6205080467214891
439,-0.18112150419951548,-0.6213816123808169
440,-6.6932683255989875,-0.6807527592623104
441,-0.09694691878207055,-0.6858400587465332
442,-0.6357340830376307,-0.6897119743485994
443,-1.0461929810827066,-0.6992998943870661
444,-1.2226296349671897,-0.7106840007695306
445,-0.790382219217033,-0.7206361031617725
446,-0.055692985476066756,-0.7205417618802464
447,-0.09376493826673109,-0.7167496041964208
448,-1.0213153067059733,-0.7290377946236394
449,-0.4086911875414254,-0.7285718927659538
450,-6.561240509423787,-0.7962593352203506
451,-6.187025561379551,-0.8571919414514788
452,-0.3752349992980333,-0.8602596939840049
453,-1.569512499873146,-0.8668503894107071
454,-3.1222148309457047,-0.8893227310474834
455,-8.811945250352,-0.976504534168336
456,-6.674668813707737,-1.0425681313639732
457,-7.707970955836668,-1.1111879448330684
458,-0.29074378692582803,-1.1076121616872259
459,-5.972430625355243,-1.1623545912944768
460,-3.361423249310639,-1.1991515467491731
461,-1.019828428300575,-1.2022413547967061
462,-1.4600941585498195,-1.2164392149212646
463,-2.078149080644515,-1.236108065813967
464,-6.7657988245843175,-1.2934981478593264
465,-5.283169159235159,-1.3375481742541597
466,-4.667871539391624,-1.3835119789014823
467,-0.3187061389143546,-1.3782726670912544
468,-1.0468418781652442,-1.3877716166850862
469,-3.6777832549906155,-1.4160441384068787
470,-0.9426426700750254,-1.4181085135100304
471,-5.426404868032444,-1.4714030930025341
472,-5.990410923989529,-1.5204757574240473
473,-1.0430110005673674,-1.5305027859687812
474,-3.6959810511697615,-1.5603494542184502
475,-0.09889686106399892,-1.5578588790324925
476,-0.3323819542576284,-1.5586990279278643
477,-6.800377589267403,-1.6202195828054373
478,0.4286324816223125,-1.6018336390760772
479,-0.4791933797019587,-1.6001423518579958
480,-3.467161688556041,-1.6339850514779488
481,-4.465169568565123,-1.6820722998636808
482,-4.6768548634976455,-1.7190927694181843
483,-0.33818058853158445,-1.7299665464098968
484,-2.123615538635404,-1.7444851369248378
485,-6.173088742704443,-1.8072386271170036
486,-9.600373769959988,-1.8845416950802414
487,-9.82374706940443,-1.9812075611377935
488,-0.6741147259413028,-1.985755464347159
489,-1.0109151721929157,-1.9713140338240345
490,-0.7867350774053173,-1.9742975777669636
491,-0.8151767786293614,-1.9752260326792557
492,-3.8577328093739682,-2.0141387972644664
493,-1.0644043304986799,-2.019881293530416
494,-3.6777832549906155,-1.9854903742031758
495,-3.723882811680869,-2.017435567951873
496,-3.231521556987805,-2.0399719841964377
497,-2.1809330067659882,-2.0514683596005225
498,-7.873386015688415,-2.1270725372425003
499,-4.892164760784268,-2.1656688652571963
500,-4.9157914934496665,-2.2046888430601252
501,-1.8902925878797794,-2.2133132489317786
502,-5.240503270395109,-2.261133648097476
503,-0.8249993251619792,-2.2572872761460796
504,-0.6393494948256114,-2.258277324104644
505,-0.2932283956308258,-2.251420770813781
506,-1.894443532322095,-2.2647143981546494
507,-2.74063376027253,-2.284668665541892
508,-3.080404833318771,-2.3146305239078724
509,-1.0390579453690432,-2.317600032430814
510,-6.510049512388944,-2.375063558475123
511,-0.06345508887951813,-2.3713984796605523
512,-0.3868984466867465,-2.3762194299010004
513,-3.732554939673016,-2.415629144817715
514,-8.846839786297961,-2.5061458228807663
515,-0.790118482633114,-2.494805341856451
516,-0.4190942405176083,-2.487455812565659
517,-5.280453773435285,-2.5340134752125123
518,-0.6349067463403382,-2.5376639739982396
519,-0.8558010607515396,-2.5381530052212598
520,-1.6183565222925376,-2.54482339314349
521,-0.6675496557869744,-2.5447145895748555
522,-4.016819422153718,-2.584322424824393
523,-0.0605934192723247,-2.5647114076887028
524,-0.3009942825332586,-2.5651224042696663
525,-0.8508894481472256,-2.5671751564405607
526,-0.6595757232055938,-2.5665652172754214
527,-0.3424381080996307,-2.5720646357165764
528,-0.8910574196152475,-2.576960923049542
529,-2.1397637879169817,-2.5891197542244884
530,0.17946416454277006,-2.58439217580102
531,-0.3385007816303308,-2.582165183817621
532,-0.758945394044441,-2.5527573197840523
533,-0.5482506610578299,-2.549965887386091
534,-0.06533408752719543,-2.546096075015718
535,-0.4112504706978615,-2.5464408596726265
536,-0.8338889203397661,-2.5506728594952395
537,-0.7580057304811338,-2.5553696858820407
538,-1.5920406954329738,-2.5478967065927858
539,-0.8155902118306231,-2.5542413936690966
540,-0.998513082694742,-2.4972938412400545
541,-1.0076386409718376,-2.506400758461952
542,-0.4227522225580794,-2.504270939857157
543,-0.7077204418698722,-2.5008862144650283
544,-0.21135235263418,-2.4907734416416982
545,-0.6276435593693028,-2.489146055043221
546,-0.5723475915361939,-2.494312601103822
547,-0.7036782096348334,-2.5004117338175034
548,-1.3330267657012158,-2.5035288484074556
549,-1.1844097589770175,-2.5112860341218113
550,-0.4062237077247724,-2.4497358661048216
551,-3.917639456400305,-2.427042005055029
552,-0.4416419750980766,-2.4277060748130297
553,-0.5339563255694009,-2.417350513069992
554,-0.6234727677071061,-2.392363092437606
555,0.02567664547327303,-2.3039868734793534
556,-0.8819768562740057,-2.246059953905016
557,-0.00818311968162623,-2.1690620755434655
558,-0.34501149779019186,-2.169604752652109
559,-0.03303694861621102,-2.110210815884719
560,-0.14435684023864231,-2.078040151793999
561,-1.2353674897699733,-2.080195542408693
562,-0.2185280599371326,-2.0677798814225663
563,-0.6120699732213206,-2.053119090348334
564,-1.0174140640913123,-1.995635242743404
565,-2.983359129322051,-1.9726371424442732
566,-0.8312132043310103,-1.9342705590936669
567,-0.40345799197650317,-1.9351180776242884
568,-5.881676322120678,-1.9834664220638425
569,-0.10387434944916214,-1.9477273330084282
570,-0.9281134586831785,-1.9475820408945097
571,-1.1696182699716005,-1.9050141749139013
572,0.13963304261750614,-1.843713735247831
573,-1.240811217136765,-1.8456917374135247
574,-1.2798534492593132,-1.8215304613944203
575,-0.1474099145391345,-1.8220155919291718
576,-0.6138632119037499,-1.824830404505633
577,-0.5647160154024458,-1.7624737887669835
578,-0.9847947605309226,-1.7766080611885158
579,-0.24287242659934677,-1.7742448516574896
580,-0.8035408850786421,-1.7476086436227154
581,0.15684861489575355,-1.7013884617881068
582,-0.3687981898122993,-1.6583078950512535
583,-1.0214382117776728,-1.6651404712837143
584,-0.7507835547043978,-1.6514121514444042
585,-0.8591766873855871,-1.5982730308912156
586,-1.696295443034188,-1.5192322476219575
587,-0.548059935998074,-1.426475376287894
588,-0.6998995033927669,-1.4267332240624087
589,-0.20462922498918273,-1.4186703645903713
590,-1.1951648181169552,-1.4227546619974876
591,-0.4451191994453869,-1.419054086205648
592,-0.6988054701406683,-1.3874648128133151
593,-0.9421394997709094,-1.3862421645060374
594,0.38512497990207584,-1.3456130821571102
595,-0.31068805272500843,-1.3114811345675519
596,-0.5562628291591758,-1.2847285472892656
597,-0.5172340806954612,-1.2680915580285603
598,-0.3508022552682374,-1.1928657204243585
599,-1.0165530455275407,-1.1541096032717912
600,-2.78910876772545,-1.132842776014549
601,-0.8075703741986084,-1.1220155538777372
602,-0.4711354548169664,-1.074321875721956
603,-2.442364181715756,-1.0904955242874936
604,-1.6803413823649735,-1.1009054431628875
605,-1.4754221969174308,-1.1127273811757532
606,-1.0096728576854348,-1.1038796744293868
607,-1.247139250802937,-1.0889447293346908
608,-1.713295124350071,-1.0752736322450038
609,-0.8641026864405822,-1.0735240796557193
610,-1.4464470395255313,-1.0228880549270851
611,-0.4881074308725438,-1.0271345783470154
612,-0.5627186711522708,-1.0288927805916706
613,-0.3201077616620274,-0.9947683088115606
614,0.0007718028306161195,-0.9062921929202749
615,-0.12542058881970908,-0.8996452139821409
616,0.06493961376316235,-0.8948048754393332
617,-1.3346012709198345,-0.8553463504141787
618,-0.3588664273966171,-0.8525859472247415
619,0.0371929654744419,-0.8436560069624817
620,-1.2562567637793767,-0.84003500937735
621,-3.218191117714957,-0.8655414239966298
622,0.42683403346282534,-0.8211048894404643
623,-1.3553157937511897,-0.8340521131852531
624,-0.5001036872617487,-0.8360432072325379
625,-0.06446542333313503,-0.8281789669843971
626,-0.25396007940932347,-0.8241228105464343
627,0.022868360985667358,-0.8204697458555813
628,-0.1789639357993439,-0.8133488110174224
629,-0.7681788919919721,-0.7996329620581721
630,-0.5808155812776787,-0.8072357595163768
631,-0.09222603693441661,-0.8047730120694174
632,-0.12401923079596616,-0.7984237504369328
633,-0.5282721070459773,-0.7982239648968142
634,-0.34114049911736727,-0.8009820290127161
635,-1.7153473577925564,-0.814022997883663
636,-0.17531386685702427,-0.8074372473488356
637,0.5438422650430281,-0.7944187673935938
638,-0.20888989972957744,-0.7805872594365598
639,0.44371975885905773,-0.7679941597296631
640,0.2701741214888405,-0.7553072876878272
641,-0.10695286920714399,-0.7463004299701804
642,0.3547105988955068,-0.7385258017556445
643,-0.28821552666149186,-0.7343307526035606
644,0.09874775813597357,-0.7312297514958591
645,-0.4430850615803369,-0.7293841665179694
646,-0.6608100090591925,-0.7302687906931996
647,-0.7682402385610053,-0.7309144109824612
648,0.5717073859860267,-0.7118670694655889
649,-0.2603815188865596,-0.7026267870646844
650,-0.785606874807333,-0.7064206187355099
651,-0.20713923062516867,-0.6693156164777585
652,-0.1396617137419881,-0.6662958138641976
653,0.027489127200148677,-0.6606813593365021
654,-0.678406480730241,-0.6612306964667334
655,0.18894297777215618,-0.6595980331437447
656,-0.28183328424864895,-0.6535965974234911
657,-0.05927367941043882,-0.6541075030207791
658,-0.2532927807292144,-0.6531903158501693
659,-0.2763935230106086,-0.6556238815941134
660,-0.45918923467318823,-0.6587722055384588
661,-0.3515478982157566,-0.6499340096229167
662,-0.32462631885398474,-0.6509949922120852
663,-0.6249183833605856,-0.6511234763134778
664,-0.4488974092577863,-0.6454383097651426
665,-0.2211138903268986,-0.6178158573751911
666,-0.417157673666869,-0.6136753020685497
667,-1.7419607898298826,-0.6270603300470835
668,-0.9801281462533245,-0.57804484828841
669,-1.180148137560279,-0.5888075861695211
670,-0.9923283952436782,-0.589449735535126
671,-0.002563325240496739,-0.577779186087815
672,-0.9413105571364231,-0.5885886220853543
673,-0.40572421949580245,-0.5802377521089447
674,-0.8554307599898707,-0.5759935252162502
675,-0.38723195071539007,-0.5783917455780129
676,-0.3050381976591814,-0.5753034954355671
677,-0.3166215218151513,-0.5728225504996941
678,-0.3127753939255762,-0.5661023568336407
679,-0.5904937128149552,-0.5695785696957968
680,-0.260237994114429,-0.5641455407861548
681,-0.9398636127609824,-0.575112663062722
682,-0.669695055117729,-0.5781216317157764
683,0.14755265555853636,-0.5664317230424143
684,0.06880930953120501,-0.5582357944000582
685,-0.42537801269417297,-0.553897807653144
686,-0.6472996880618866,-0.5434078501034211
687,-0.6967428219493901,-0.5448946789629342
688,-0.1981043876953042,-0.5398767278059595
689,-0.44558821428049294,-0.5422863176988727
690,-0.9687260405416825,-0.5400219299231199
691,-0.617114750066464,-0.5417418854293308
692,-0.5713329218643349,-0.5404671599465674
693,-0.36557595666824605,-0.5347015245155408
694,-0.34060482991461166,-0.5419588226137076
695,0.0870536521799527,-0.537981405564658
696,-0.6108709765486637,-0.5385274870385529
697,-0.3216288228222299,-0.5365714344598207
698,-0.6949557394854615,-0.5400129693019928
699,-0.7649829996291393,-0.5374972688430089
700,-0.5788777122151738,-0.515394958287906
701,-0.3516406170519033,-0.510835660716439
702,-0.4070502150467284,-0.5101948083187366
703,-0.43424156110392154,-0.4901135821126183
704,-0.27077199907897814,-0.4760178882797583
705,-1.0283430303834806,-0.47154709661441885
706,-0.01290081875782606,-0.4615793762251428
707,-0.7738811008906803,-0.45684679472602013
708,-0.252634757564491,-0.44224019105816437
709,-0.15246956567921588,-0.43512385985055074
710,0.10490827445939938,-0.41961030671070143
711,-0.12682896644331698,-0.41599752206640916
712,-0.26658165260866357,-0.4130361518809731
713,-0.3717336121915356,-0.41355241038626817
714,-0.422348747568236,-0.41778361589025664
715,-1.2093300230530093,-0.4286227102325897
716,-0.48052159805679895,-0.43407732235078933
717,-0.4039256526998253,-0.42477056616858916
718,-0.3705297154822852,-0.4248871990494459
719,-0.6446402594601116,-0.4317055312987914
720,-0.13602097577937955,-0.42050317341879145
721,0.36038535768415003,-0.3847174086648003
722,-0.37737365426704844,-0.3927594855420991
723,-0.31184912353333116,-0.38232481883992053
724,0.048629892470743424,-0.37683748304259557
725,-0.44093068843373195,-0.3806021356936016
726,-0.620184778632968,-0.384264382685838
727,-0.5054611077283659,-0.38954767737297835
728,-0.15515221233150867,-0.3893095601383
729,-0.3866477748130529,-0.38549424896651074
730,-0.2703465175809943,-0.38238955832954397
731,-0.3544603382211552,-0.38501190134241137
732,-0.4067932822649281,-0.38783964185710096
733,-0.014304148254152008,-0.38269996226918274
734,0.029653915233143507,-0.3789920181256776
735,-0.2546958855912575,-0.3643855034036646
736,-0.47932684357930266,-0.36742563317088744
737,-0.27657624940041503,-0.37562981831532183
738,-0.4718766793448907,-0.3782596861114749
739,-0.15783741494824796,-0.384275257849548
740,-0.1823785914643305,-0.3888007849790797
741,-0.03611275202248926,-0.3880923838072332
742,-0.8424115815461268,-0.40006360561164955
743,-2.616871735120931,-0.4233501676962439
744,0.03829171322506619,-0.423954728145353
745,-0.43710994595055896,-0.4238949769890552
746,-0.0939301909916802,-0.4182261788083801
747,-0.4006288168410565,-0.4145500645911806
748,-0.37827497795401155,-0.424049888230581
749,-0.2901506324896496,-0.42434757936661194
750,0.28771274306454325,-0.4136143831878931
751,0.007122176147201786,-0.4114717691201695
752,-0.4694842465681484,-0.41476999444843105
753,-0.6172367066317961,-0.4212172527867505
754,-0.41198743317634495,-0.4185530623112115
755,-0.04452757667562607,-0.4208877678556893
756,0.6322767734209147,-0.4117466672789937
757,-0.18541124183390728,-0.41300804290322835
758,-0.18417041032289688,-0.4123168191991652
759,-0.2528995670103372,-0.41208187963916254
760,-0.1356636596462777,-0.40884662388889337
761,-0.6047481568806508,-0.4113786264755423
762,-0.4490750194308197,-0.41262311348131064
763,-0.13529331528018446,-0.40772686280050663
764,-0.5948324957530813,-0.40918621366545965
765,-0.190116900953051,-0.40887624377172116
766,0.05561824708210311,-0.4041484845642314
767,-0.2056737303857608,-0.38878561396979017
768,-0.6279324238093184,-0.38526365674535007
769,-0.08244799911550721,-0.37428665536090244
770,-0.5738552156652608,-0.37010192356511823
771,-0.6032797576601503,-0.37610908788931474
772,-0.6033074181167015,-0.3727290564991176
773,-0.22244990989815244,-0.37089631340314105
774,0.005431891843567571,-0.3622876868848066
775,0.33074436351773606,-0.35510792374247535
776,-0.1130530855481704,-0.3531880726213653
777,-1.0204298796700542,-0.3602261561999143
778,-0.19528751213887752,-0.35905127738204734
779,-0.2133761247887207,-0.355280101501785
780,-0.15461706747072856,-0.35422389223534795
781,-0.42581527815357706,-0.3490834088892739
782,-0.26509684057516747,-0.3450374267438483
783,-0.44346991225855154,-0.35094765242201914
784,-0.1539705397335156,-0.3531754509146664
785,-0.3678321667191442,-0.35259999245491613
786,-0.09071181459786926,-0.3470341137202759
787,-0.33775552285117105,-0.3434442407292938
788,-0.686481245830064,-0.3483280093106414
789,-0.42772286917716223,-0.34814935585960805
790,-0.07027620340345875,-0.3391648574882258
791,0.1243128888744634,-0.33175058109881655
792,-0.45599721125700987,-0.33059722399274327
793,-0.4433906256047281,-0.3313753706821081
794,0.024661569911434533,-0.3277227066838476
795,-0.4460506283608598,-0.33305374948925576
796,0.05074488489221163,-0.32643759087484703
797,-0.06907030115666463,-0.32391200565819134
798,-0.9565949759288206,-0.326528398022625
799,0.05272677265341852,-0.31835130029979936
800,0.13425629082790358,-0.3112199602693686
801,0.17208011988073157,-0.30598275290004223
802,-0.3641990422634785,-0.30555424117220975
803,-0.6977313242418794,-0.30818913880358934
804,-0.12220102767446334,-0.3067034290895442
805,0.2678869907722497,-0.29374112887798687
806,-0.6523524826463485,-0.3001356455168721
807,-0.5012543652265188,-0.2974093781602305
808,-0.07507484878686749,-0.2956337790724543
809,-1.6658013468551474,-0.3107670968842136
810,-0.027733154230987433,-0.31209351117111744
811,-0.5444297747486109,-0.3162695192541704
812,0.5118964633393408,-0.30848473809469035
813,-0.053679778127855474,-0.30530419975405354
814,-0.62905576256132,-0.3073712699039844
815,0.019730585149508262,-0.2950806638219592
816,-0.2988614840071829,-0.29326406268146304
817,-0.7234906660766354,-0.29645971281523115
818,-0.7577489353844482,-0.3003319050142528
819,1.2315482051280506,-0.28157002036837114
820,-1.6570997361706405,-0.29678080797228373
821,-0.6277999403197081,-0.30666266095232236
822,0.3945319980438925,-0.2989436044292129
823,-1.2561578558198254,-0.30838669175207784
824,-1.0002006935078815,-0.3188749976118641
825,-0.2916620735539622,-0.31738231146306645
826,-0.44023330685875955,-0.3155827967453243
827,-0.2196646119038846,-0.3127248317870795
828,-0.7974245486264624,-0.31914755515002907
829,0.07734301140687477,-0.31450764728782976
830,0.3757740200304769,-0.3080464419117151
831,-0.12674241044336304,-0.30576926263393717
832,-0.37439878433583107,-0.30544531765464616
833,-0.9196635484300779,-0.3144989116564054
834,0.003701775553821285,-0.31475843305319867
835,0.036700926707374626,-0.31184446493021234
836,-0.33959291356701615,-0.31044712563008947
837,-0.40751664520392844,-0.3117565295881246
838,0.08930898114109326,-0.30614467298326475
839,0.06993279816255904,-0.30386697085215675
840,-0.9567864324789325,-0.3116110492623027
841,0.1836818625447905,-0.3094131031166299
842,0.015858004599359765,-0.30083040725517507
843,-0.1387245737050231,-0.27604893564101596
844,0.07003045655550441,-0.2757315482077116
845,-0.5122946937504791,-0.27648339568571084
846,-0.7423160430766932,-0.28296725420656094
847,-1.964921274557255,-0.2986101787837229
848,-1.0889091891876341,-0.3057165208960591
849,-0.2915354522651805,-0.30573036909381446
850,-0.16099705776874085,-0.31021746710214726
851,-0.6765424549281218,-0.3170541134129005
852,-0.06819922378293297,-0.3130412631850483
853,-1.1759227719766805,-0.3186281238384972
854,-0.7749703355151765,-0.3222579528618855
855,-0.20666315432490073,-0.3238793086383783
856,0.30881606468351197,-0.3271139157257523
857,-0.44291357968241973,-0.32968893910423747
858,-0.35649704912458857,-0.3314122054922543
859,-0.728092894566522,-0.33616413876781615
860,-0.3167518458254995,-0.3379750206296084
861,-0.882421771195526,-0.34075175677275715
862,0.11865214401616991,-0.33507448513828725
863,-0.3817764614743676,-0.33753931660022907
864,-0.35819334511212847,-0.3351729250938195
865,-0.04186824617375784,-0.33369043854602665
866,-0.10590903717486494,-0.3353057113885963
867,-0.19658419776088187,-0.3352148160623476
868,-0.5304558783509137,-0.3342400506077635
869,-0.7612630115703017,-0.34102820073231144
870,-0.18078882265695298,-0.3370975368022283
871,-0.11460965867537226,-0.33221083581238064
872,-1.529396182575036,-0.3414717234569639
873,-0.15991463603660955,-0.3408463707183485
874,-0.39824539356106925,-0.3448831435723949
875,-0.4516039959643473,-0.35270662716721574
876,-0.14454525986742967,-0.35302154891040827
877,-0.4272395372628173,-0.34708964548633586
878,-0.523517761659575,-0.35037194798154286
879,0.49370652246294866,-0.3433011215090262
880,-0.22042520085595113,-0.34395920284287845
881,-0.5968873013909916,-0.3456699230752526
882,-1.5833315404921309,-0.35885227007442216
883,-0.14882371863830068,-0.3559058081382197
884,-0.4000643668140812,-0.35836674640902527
885,-1.1028673362622268,-0.3657170981044562
886,0.4797159769491978,-0.3600128201889855
887,-0.49374983654887356,-0.36157276332596255
888,-0.6279587887525597,-0.36098753875518746
889,0.1274297221813923,-0.355436012841602
890,-0.40403394445055635,-0.3587735902520729
891,-0.5052599493222403,-0.3650693186340399
892,0.6642828256426995,-0.3538665182650429
893,-0.22049024019029762,-0.3516375144108986
894,-0.5717649812362537,-0.35760177992237546
895,0.2784339012313006,-0.35035693462645384
896,0.23060286148142062,-0.34855835486056175
897,-0.34336560502011,-0.35130130789919617
898,-0.3889265289286056,-0.34562462342919403
899,-0.3049259077541848,-0.3492011502332701
900,-0.1335231839192681,-0.3518789449807418
901,-0.4617420556211061,-0.35821716673576015
902,0.35314264345813684,-0.351043749878544
903,-0.02090528880958853,-0.34427548952422105
904,0.47097122615789055,-0.3383437669858975
905,-0.511104787847973,-0.3461336847720998
906,-0.0013273890342915817,-0.33962343383597926
907,0.2987716203240863,-0.3316231739804732
908,-0.5316603714016799,-0.3361890292066213
909,-0.13490241496562466,-0.32088003988772607
910,-0.4739544387675473,-0.3253422527330917
911,0.20555596567037773,-0.31784239532890174
912,-0.3826474001578143,-0.3267878339638733
913,0.10263513020723253,-0.3252246848805225
914,-0.3652317505313576,-0.32258644476022286
915,0.21906675770431228,-0.3205930830346748
916,-0.05439895842997111,-0.31814845777890266
917,0.013984723522126402,-0.31077370388291503
918,-0.49019728613639324,-0.3080981873904345
919,0.24768310832924842,-0.3179368383584225
920,-0.00948775330851881,-0.3014607185298013
921,0.14407889676946622,-0.29374193015890954
922,-0.5731647803408435,-0.3034188979427569
923,0.17229174542866277,-0.289134401930272
924,0.11015096273301184,-0.27803088536786313
925,0.25103879311514915,-0.272603876701172
926,0.12532057770282315,-0.26694833785555616
927,0.4718406259925851,-0.2600332854765915
928,0.33883655952573327,-0.2486706743950695
929,0.4430334855027386,-0.24501376965411087
930,-1.8446261949357101,-0.2672177718037727
931,0.35107711121490925,-0.26243957658719
932,0.22228302707428826,-0.2564727584730888
933,-0.11450604839792511,-0.24842118347276732
934,-0.19250812373448134,-0.25038328246565034
935,-0.847606063957312,-0.2592263523722972
936,0.38756144047173136,-0.25195480883190974
937,-0.35024226432023686,-0.2513820650230728
938,0.58376270773712,-0.24643752775711256
939,0.3803955839222137,-0.24333289989951598
940,-0.2466998379039963,-0.23623203395376663
941,-0.0949990069182382,-0.23901884264839693
942,-0.3159351000211488,-0.242336773694602
943,-0.4032651718430121,-0.2449821796759819
944,-0.45636337503860175,-0.2502461179919229
945,-0.006800964294801148,-0.2451911806973662
946,-0.21446357920301107,-0.23991265605862935
947,0.19367784056494403,-0.21832666490740735
948,0.07959124035929871,-0.20664166061193803
949,-0.14135077039640842,-0.2051398137932503
950,0.012803847032769544,-0.2034018047452352
951,0.532897692727232,-0.19130740326868168
952,0.14913450189025773,-0.1891340660119498
953,-0.14597181497181738,-0.17883455644190113
954,0.2788781898096243,-0.1682960711886531
955,-0.6855494248799606,-0.17308493389420374
956,-0.4592311329413512,-0.18076540587045237
957,0.12747217896956045,-0.17506154828393256
958,0.14038457446780472,-0.17009273204800862
959,-0.08554257651967676,-0.16366722886754015
960,0.20273692552447378,-0.15847234115404046
961,0.1244135168358173,-0.148403988273727
962,0.003566198200612325,-0.14955484773188257
963,-0.024119052933557428,-0.14597827364647448
964,-0.7010281381052483,-0.1494066215764057
965,0.14331080387221076,-0.147554831075946
966,-0.18653051349213629,-0.14836104583911872
967,-0.1973381466767265,-0.14836858532827715
968,-0.18815570518388747,-0.1449455835966069
969,-0.06059253933690659,-0.13793887887427295
970,-0.07564987413680088,-0.13688748938907142
971,-0.3986878912282015,-0.1397282717145997
972,-0.5378433126285093,-0.12981274301513446
973,0.26585522297455383,-0.1255550444250228
974,-0.05770601341594128,-0.12214965062357154
975,-0.5083290416830799,-0.12271690108075886
976,-0.06247592464376289,-0.12189620772852218
977,-0.29024193954878513,-0.12052623175138186
978,-0.07730775828715303,-0.11606413171765764
979,0.2871040870340115,-0.11813015607194702
980,-0.1917055944143194,-0.1178429600075307
981,-0.0956145356615346,-0.11283023235023613
982,-0.15742245247657727,-0.09857114147008059
983,0.49090793111172193,-0.09217382497258038
984,-0.16325392073749928,-0.08980572051181455
985,0.018500139588289832,-0.07859204575330939
986,-0.16729842925570268,-0.08506218981535837
987,-0.37686284253537206,-0.08389331987522336
988,0.17675667841951354,-0.07584616520350264
989,0.5193794320585894,-0.07192666810473067
990,-1.6151818110761693,-0.0840381467709868
991,0.41346297281793887,-0.074850917549585
992,0.10912700279926218,-0.08040247577801939
993,-0.08975104761191965,-0.0790950838522356
994,-0.2372512602615383,-0.07574994664248845
995,0.17702562260042168,-0.07676402942879723
996,-0.05157573636090529,-0.07958581540722048
997,0.5407869430778849,-0.07074428992624054
998,0.049688172914236606,-0.06635814290781213
999,0.02354007841195166,-0.06307348304615076
1000,0.09229093599107396,-0.06081534184704734
