air_temperature [295.3 - 304.5 K],process_temperature [305.7 - 313.8 K],rotational_speed [1168 - 2886 rpm],torque [3.8 - 76.6 Nm],tool_wear [0 - 253 min],"machine_type [0:L, 1:M, 2:H]",true_label,proba_class1,pred_label
301.9,311.0,2691.0,12.1,31.0,0.0,1,0.8092,1
300.8,312.4,1365.0,44.5,129.0,0.0,0,0.1189,0
301.4,310.6,1634.0,31.1,171.0,0.0,0,0.3023,0
297.9,309.1,1614.0,38.1,62.0,1.0,0,0.0772,0
302.3,310.9,1360.0,44.0,67.0,1.0,1,0.2517,0
301.8,310.2,2825.0,5.8,215.0,0.0,1,0.9108,1
301.4,310.8,1698.0,29.6,99.0,0.0,0,0.0969,0
295.6,306.1,1372.0,55.6,215.0,0.0,1,0.7779,1
301.0,310.6,1460.0,53.6,74.0,1.0,0,0.6533,1
296.8,307.4,1549.0,48.3,105.0,0.0,0,0.4877,0
302.6,311.5,1629.0,34.4,228.0,2.0,1,0.6499,1
297.3,308.6,1376.0,53.5,112.0,2.0,0,0.2953,0
297.4,308.8,1325.0,62.4,204.0,1.0,1,0.8854,1
298.3,307.9,1502.0,42.0,103.0,0.0,0,0.2894,0
301.2,311.0,1544.0,39.3,217.0,0.0,0,0.5963,1
302.1,310.7,1294.0,62.4,101.0,2.0,1,0.9069,1
300.0,309.0,1622.0,31.8,103.0,2.0,0,0.139,0
300.1,309.8,1532.0,39.8,115.0,0.0,0,0.2542,0
300.5,309.9,1382.0,46.5,134.0,0.0,0,0.434,0
297.3,308.2,1396.0,52.7,212.0,0.0,1,0.7107,1
298.2,308.4,1398.0,51.8,76.0,2.0,0,0.3094,0
301.0,310.5,1379.0,57.3,204.0,0.0,1,0.9745,1
300.4,309.9,2563.0,12.8,81.0,2.0,1,0.6025,1
300.2,310.2,1438.0,51.5,7.0,1.0,0,0.2129,0
302.1,310.7,1325.0,45.1,208.0,0.0,1,0.5822,1
299.7,311.1,1650.0,32.4,60.0,0.0,0,0.0295,0
302.0,310.4,1591.0,29.8,105.0,0.0,0,0.1379,0
302.4,310.2,1435.0,44.9,127.0,2.0,0,0.5558,1
299.9,309.3,1452.0,41.9,106.0,1.0,0,0.1929,0
297.0,307.8,1385.0,56.4,202.0,0.0,1,0.7773,1
298.1,307.9,1569.0,37.0,29.0,1.0,0,0.1361,0
301.0,310.9,1910.0,21.9,37.0,1.0,0,0.1099,0
303.4,311.7,1353.0,44.1,192.0,1.0,1,0.5982,1
298.4,308.6,1569.0,34.4,160.0,0.0,0,0.1588,0
303.6,312.4,2232.0,16.8,0.0,0.0,0,0.2231,0
296.4,307.4,2833.0,5.6,213.0,0.0,1,0.8319,1
298.8,308.9,1455.0,41.3,208.0,0.0,1,0.4025,0
304.0,313.2,1271.0,68.6,161.0,2.0,1,0.9444,1
298.3,309.2,1359.0,51.4,21.0,1.0,0,0.1056,0
300.1,309.5,1353.0,50.9,34.0,0.0,0,0.2123,0
301.0,311.0,1399.0,58.0,190.0,0.0,1,0.8965,1
302.6,310.4,1359.0,57.2,67.0,0.0,1,0.8467,1
297.9,309.8,1336.0,71.6,31.0,0.0,1,0.7933,1
302.6,312.0,1363.0,45.7,91.0,1.0,0,0.2606,0
301.0,310.6,1641.0,33.4,12.0,0.0,0,0.028,0
297.0,307.9,1296.0,69.1,153.0,0.0,1,0.9507,1
298.9,309.9,1365.0,46.5,75.0,0.0,0,0.076,0
297.8,307.2,1880.0,23.0,176.0,0.0,0,0.293,0
301.9,310.7,1947.0,25.0,137.0,0.0,0,0.5174,1
300.0,311.5,1451.0,49.0,115.0,1.0,0,0.2594,0
300.5,309.5,1777.0,23.6,0.0,0.0,0,0.0223,0
297.9,307.9,1336.0,54.4,82.0,1.0,0,0.3901,0
297.1,308.5,1323.0,44.4,207.0,0.0,1,0.1909,0
300.0,311.5,1455.0,41.7,130.0,0.0,0,0.1245,0
298.6,309.8,2271.0,16.2,218.0,0.0,1,0.6044,1
298.0,308.2,1348.0,58.8,202.0,0.0,1,0.9107,1
302.6,310.9,1331.0,52.0,154.0,0.0,1,0.7858,1
301.8,310.8,1470.0,37.6,204.0,2.0,0,0.4217,0
298.0,308.5,1429.0,37.7,220.0,0.0,1,0.2592,0
299.1,308.8,1329.0,53.6,207.0,0.0,1,0.8422,1
300.7,312.4,1470.0,38.6,56.0,0.0,0,0.01,0
298.3,308.0,1363.0,50.1,96.0,0.0,0,0.3163,0
302.3,310.1,1321.0,52.7,134.0,0.0,1,0.8431,1
303.7,312.8,1366.0,47.3,49.0,1.0,0,0.224,0
303.2,311.5,1336.0,58.2,2.0,1.0,1,0.596,1
301.6,310.6,1613.0,42.5,97.0,0.0,0,0.5774,1
302.7,310.5,1446.0,40.9,211.0,0.0,1,0.753,1
301.5,310.4,1543.0,34.0,55.0,0.0,0,0.0916,0
301.7,311.0,1441.0,44.3,208.0,0.0,1,0.6635,1
298.0,308.4,1432.0,46.2,11.0,0.0,0,0.0648,0
299.0,310.4,1371.0,53.8,228.0,0.0,1,0.714,1
301.1,310.7,1436.0,45.3,8.0,0.0,0,0.1078,0
302.0,310.4,1595.0,32.9,135.0,1.0,0,0.3641,0
301.9,310.3,1485.0,46.3,24.0,0.0,0,0.4032,0
302.4,310.2,1346.0,62.4,106.0,0.0,1,0.9819,1
303.1,312.4,1404.0,61.5,127.0,0.0,1,0.932,1
297.6,309.6,1501.0,49.8,222.0,0.0,1,0.658,1
303.4,311.8,1306.0,61.0,215.0,0.0,1,0.9544,1
302.0,309.8,1280.0,57.3,147.0,2.0,1,0.7891,1
297.7,308.1,1469.0,48.8,183.0,1.0,0,0.5745,1
298.2,308.8,1456.0,41.2,150.0,1.0,0,0.1198,0
303.9,312.7,1339.0,62.3,156.0,0.0,0,0.8957,1
301.4,310.6,1431.0,40.6,101.0,1.0,0,0.1503,0
301.4,310.7,1368.0,63.7,92.0,1.0,1,0.9506,1
298.9,310.2,2737.0,8.8,142.0,0.0,1,0.7612,1
301.8,311.1,1543.0,36.4,120.0,2.0,0,0.2447,0
301.8,309.9,1334.0,61.0,182.0,1.0,1,0.9791,1
302.3,311.4,1418.0,41.3,62.0,1.0,0,0.1648,0
303.8,313.0,1365.0,59.9,205.0,0.0,1,0.9411,1
300.3,311.5,1552.0,38.9,23.0,0.0,0,0.0655,0
302.5,311.9,1532.0,38.8,96.0,1.0,0,0.2608,0
299.2,308.5,1378.0,50.4,220.0,0.0,1,0.7859,1
300.5,311.1,1547.0,37.2,7.0,0.0,0,0.0562,0
297.6,308.4,1407.0,55.2,86.0,0.0,0,0.4904,0
302.4,310.0,1426.0,46.6,102.0,0.0,0,0.6435,1
300.4,311.8,1272.0,59.2,198.0,0.0,1,0.7138,1
301.0,312.2,2710.0,9.7,143.0,1.0,1,0.7495,1
303.7,312.1,1363.0,51.8,90.0,0.0,1,0.6846,1
301.6,310.7,1380.0,51.8,216.0,0.0,1,0.8863,1
301.8,310.0,2032.0,19.0,203.0,0.0,0,0.6403,1
297.4,308.4,1369.0,50.6,220.0,0.0,1,0.587,1
301.7,311.0,1585.0,35.9,185.0,0.0,0,0.492,0
302.5,312.0,1521.0,40.2,174.0,1.0,0,0.5149,1
295.9,306.4,1575.0,28.5,74.0,0.0,0,0.0618,0
302.8,312.3,1764.0,29.9,162.0,0.0,0,0.474,0
299.0,309.9,1373.0,55.7,201.0,0.0,1,0.7568,1
302.5,310.3,1326.0,58.5,55.0,0.0,1,0.8714,1
298.8,309.9,1439.0,45.2,40.0,2.0,1,0.0508,0
299.3,309.1,1531.0,37.9,127.0,0.0,0,0.2405,0
301.8,310.7,1465.0,35.8,82.0,1.0,0,0.1014,0
298.9,309.1,2861.0,4.6,143.0,0.0,1,0.8491,1
302.4,310.7,1362.0,54.8,155.0,0.0,1,0.8366,1
299.2,310.7,1737.0,27.0,225.0,0.0,1,0.1706,0
300.2,310.4,1808.0,25.8,35.0,0.0,0,0.01,0
297.2,308.1,1431.0,49.7,210.0,0.0,1,0.6574,1
301.3,310.1,1269.0,56.8,195.0,0.0,1,0.9234,1
297.3,308.7,1549.0,36.1,218.0,0.0,0,0.1786,0
300.5,311.8,1636.0,34.4,2.0,1.0,0,0.0352,0
296.3,307.3,1368.0,49.5,10.0,1.0,0,0.0363,0
296.1,307.2,1619.0,29.7,17.0,1.0,0,0.01,0
303.3,311.3,1350.0,48.1,32.0,0.0,1,0.3731,0
298.4,308.2,1282.0,60.7,216.0,0.0,1,0.9083,1
301.7,309.9,1317.0,49.0,187.0,0.0,1,0.7958,1
302.5,311.0,1387.0,52.1,116.0,1.0,0,0.7282,1
299.5,309.1,1548.0,44.3,40.0,2.0,0,0.2617,0
300.4,311.9,1335.0,58.3,9.0,1.0,0,0.2293,0
300.8,310.1,1405.0,61.2,189.0,0.0,1,0.99,1
298.1,308.2,1420.0,63.9,19.0,1.0,1,0.7338,1
303.6,312.3,1616.0,29.3,226.0,0.0,0,0.4658,0
298.4,309.5,1397.0,50.3,110.0,0.0,0,0.2886,0
299.5,308.7,2549.0,13.0,179.0,0.0,1,0.877,1
300.7,311.7,2097.0,18.9,232.0,1.0,1,0.4874,0
300.9,309.7,2355.0,14.4,201.0,0.0,0,0.8663,1
300.8,309.4,1342.0,62.4,113.0,1.0,1,0.9392,1
303.3,311.8,1315.0,62.0,42.0,0.0,1,0.8867,1
297.6,307.2,1486.0,40.6,42.0,0.0,0,0.1356,0
303.0,311.2,1361.0,47.6,106.0,0.0,1,0.5358,1
302.0,309.7,1386.0,62.7,142.0,1.0,1,0.9888,1
300.5,311.1,1296.0,61.3,202.0,1.0,1,0.8643,1
298.4,308.3,1433.0,62.3,20.0,0.0,1,0.7547,1
300.3,311.7,1374.0,47.9,222.0,1.0,1,0.4446,0
300.4,311.5,1662.0,29.0,137.0,2.0,0,0.1095,0
296.8,308.1,1289.0,62.0,199.0,0.0,1,0.8248,1
303.1,311.3,1474.0,34.8,215.0,0.0,0,0.4852,0
299.2,308.2,1674.0,28.2,14.0,1.0,0,0.0706,0
298.5,309.4,1360.0,60.9,187.0,0.0,1,0.8137,1
300.6,311.7,1744.0,26.9,111.0,0.0,0,0.01,0
300.4,310.2,1671.0,30.5,234.0,1.0,1,0.4337,0
296.3,307.3,1498.0,41.6,15.0,1.0,0,0.0374,0
303.9,313.2,1630.0,29.3,104.0,1.0,0,0.1279,0
303.6,311.9,1617.0,36.0,95.0,1.0,0,0.3533,0
301.1,310.7,2636.0,12.2,100.0,1.0,1,0.8185,1
302.3,310.9,1710.0,30.4,218.0,1.0,1,0.677,1
301.8,310.3,1341.0,50.5,64.0,0.0,1,0.4735,0
297.3,308.3,1459.0,59.6,207.0,1.0,1,0.9245,1
302.1,311.0,1351.0,60.3,207.0,1.0,1,0.9514,1
301.0,310.9,1809.0,25.7,192.0,0.0,0,0.3153,0
298.2,307.6,1318.0,55.7,0.0,2.0,0,0.1667,0
299.8,309.4,1609.0,32.5,27.0,0.0,0,0.0577,0
302.2,311.1,1351.0,48.6,110.0,0.0,0,0.5077,1
302.7,310.8,1275.0,55.0,25.0,2.0,1,0.3909,0
297.3,308.4,1430.0,45.7,15.0,0.0,0,0.0346,0
299.2,308.9,1526.0,37.9,177.0,0.0,0,0.3016,0
302.3,310.1,1563.0,37.8,31.0,1.0,0,0.2081,0
300.6,311.4,1468.0,40.4,55.0,1.0,0,0.0629,0
303.6,311.8,1421.0,44.8,101.0,1.0,1,0.4296,0
302.0,310.8,1383.0,50.3,231.0,0.0,1,0.9071,1
297.9,307.8,1365.0,46.9,73.0,0.0,0,0.18,0
299.3,308.5,1589.0,32.7,74.0,0.0,0,0.0848,0
303.4,311.8,1401.0,53.0,208.0,0.0,1,0.866,1
302.6,311.0,1329.0,48.6,111.0,1.0,1,0.4623,0
296.7,307.6,1516.0,37.4,146.0,0.0,0,0.1472,0
302.4,311.9,1290.0,70.0,139.0,0.0,1,0.8919,1
302.3,310.9,1366.0,48.4,130.0,2.0,1,0.5408,1
301.8,310.9,1521.0,39.3,197.0,0.0,0,0.5526,1
299.0,310.4,1365.0,49.1,226.0,0.0,1,0.5375,1
300.0,311.4,1692.0,29.0,216.0,1.0,1,0.1499,0
303.6,311.8,1222.0,66.8,148.0,0.0,1,0.9816,1
299.7,309.2,1422.0,40.4,140.0,0.0,0,0.2348,0
302.1,311.5,1635.0,31.6,23.0,1.0,0,0.1138,0
298.8,310.1,1243.0,74.5,194.0,1.0,1,0.966,1
302.2,310.6,1355.0,51.5,126.0,1.0,1,0.7155,1
297.4,308.3,1475.0,40.5,222.0,0.0,1,0.2772,0
302.8,312.4,1411.0,53.8,246.0,2.0,1,0.9663,1
300.5,309.3,1574.0,33.5,101.0,0.0,0,0.1482,0
302.2,310.8,1673.0,32.9,52.0,0.0,0,0.1883,0
300.1,311.3,2579.0,12.5,64.0,0.0,1,0.4729,0
298.5,309.7,2617.0,12.1,102.0,0.0,1,0.5598,1
303.4,311.9,1377.0,41.6,34.0,0.0,1,0.1382,0
297.2,307.9,1530.0,35.9,197.0,1.0,0,0.2004,0
300.5,311.8,1596.0,34.8,87.0,0.0,0,0.0763,0
299.2,309.1,1345.0,60.7,191.0,0.0,1,0.8736,1
303.7,312.7,1359.0,56.8,194.0,0.0,1,0.9349,1
300.4,311.6,1200.0,76.6,3.0,0.0,1,0.8374,1
300.1,311.4,1438.0,42.2,139.0,0.0,0,0.0966,0
299.3,309.0,1422.0,47.3,25.0,0.0,0,0.1386,0
298.9,308.8,1529.0,32.7,53.0,0.0,0,0.0592,0
297.4,308.3,1431.0,43.0,113.0,0.0,0,0.1284,0
301.1,311.7,1408.0,46.3,135.0,0.0,0,0.3342,0
300.7,310.2,1493.0,35.9,10.0,0.0,0,0.0945,0
300.2,309.6,1359.0,51.5,66.0,0.0,0,0.3999,0
300.6,310.7,1438.0,48.5,78.0,0.0,1,0.366,0
298.4,309.6,1710.0,27.3,163.0,0.0,1,0.1643,0
303.0,311.0,1359.0,44.2,115.0,0.0,1,0.4293,0
298.4,308.0,1416.0,38.2,198.0,1.0,1,0.195,0
302.1,310.1,1379.0,48.2,166.0,1.0,1,0.7666,1
299.6,310.9,1229.0,65.2,209.0,0.0,1,0.8984,1
298.1,307.9,1698.0,33.3,40.0,0.0,0,0.0802,0
303.3,311.6,1301.0,45.1,219.0,0.0,1,0.6401,1
297.5,308.6,1621.0,28.9,0.0,0.0,0,0.0769,0
301.4,310.5,1432.0,54.3,81.0,0.0,0,0.7511,1
300.8,311.4,1732.0,26.9,45.0,1.0,0,0.01,0
300.6,311.9,1372.0,60.1,212.0,0.0,1,0.9301,1
300.0,310.5,1558.0,36.7,137.0,2.0,0,0.1458,0
298.8,309.8,1463.0,40.0,90.0,0.0,0,0.0647,0
302.0,310.5,1263.0,60.6,90.0,0.0,1,0.8374,1
302.5,310.2,1307.0,54.0,86.0,0.0,1,0.6874,1
297.3,308.4,1449.0,44.4,34.0,1.0,0,0.0664,0
302.5,310.3,1592.0,32.6,174.0,0.0,0,0.5609,1
297.0,308.4,1305.0,54.6,168.0,2.0,0,0.3983,0
302.7,311.1,1297.0,60.7,125.0,1.0,1,0.8928,1
300.2,310.5,1416.0,46.7,90.0,0.0,0,0.2304,0
302.3,311.4,1333.0,66.7,205.0,0.0,1,0.9755,1
303.8,312.5,1523.0,47.0,152.0,0.0,0,0.8314,1
302.8,311.0,1436.0,43.5,47.0,2.0,0,0.248,0
301.3,310.8,1432.0,54.4,51.0,0.0,0,0.6434,1
301.7,310.2,1311.0,57.4,40.0,0.0,1,0.5892,1
303.1,311.4,1831.0,23.3,161.0,1.0,0,0.3986,0
302.1,310.7,1376.0,46.3,210.0,1.0,1,0.7188,1
298.3,309.3,1337.0,56.1,206.0,0.0,1,0.7564,1
302.0,310.0,1664.0,28.6,190.0,0.0,0,0.4225,0
300.2,311.8,1410.0,51.4,189.0,0.0,0,0.6262,1
303.6,312.0,1309.0,52.9,86.0,0.0,1,0.6655,1
299.8,309.3,1299.0,65.1,212.0,0.0,1,0.99,1
302.0,310.9,1378.0,53.1,212.0,0.0,1,0.8619,1
300.6,310.9,1344.0,46.7,133.0,0.0,0,0.2844,0
299.6,310.9,1533.0,31.8,91.0,0.0,0,0.0367,0
301.6,310.1,1362.0,55.8,70.0,0.0,1,0.6865,1
302.6,312.1,1288.0,68.5,0.0,0.0,1,0.8308,1
298.4,308.7,1421.0,60.7,119.0,1.0,1,0.8557,1
301.3,310.8,1560.0,38.5,52.0,0.0,0,0.1796,0
297.1,308.4,1304.0,53.5,153.0,0.0,0,0.3576,0
298.2,307.9,1313.0,67.3,67.0,0.0,1,0.879,1
303.6,312.7,1765.0,27.5,115.0,1.0,0,0.2854,0
297.0,308.1,1362.0,52.5,213.0,0.0,1,0.6553,1
300.0,309.6,1423.0,48.7,67.0,1.0,0,0.2339,0
303.3,311.4,1630.0,32.5,2.0,0.0,0,0.1067,0
302.1,310.7,1314.0,52.8,8.0,0.0,1,0.3258,0
299.1,310.0,1367.0,56.3,203.0,0.0,1,0.7516,1
298.8,309.8,1563.0,38.8,65.0,2.0,0,0.0721,0
302.6,311.0,1369.0,60.0,93.0,0.0,1,0.9474,1
299.7,310.3,1495.0,43.1,101.0,0.0,0,0.1816,0
300.5,311.6,1541.0,47.8,156.0,0.0,0,0.6228,1
297.5,308.5,1462.0,52.3,148.0,0.0,0,0.5767,1
300.5,309.8,1550.0,37.4,148.0,0.0,0,0.3221,0
299.5,309.3,1523.0,41.5,181.0,0.0,0,0.5483,1
298.4,309.2,1610.0,32.4,194.0,0.0,0,0.1599,0
303.4,312.6,2706.0,9.8,65.0,1.0,1,0.8343,1
301.6,310.8,1355.0,57.8,195.0,0.0,1,0.8751,1
302.9,312.5,1550.0,45.5,72.0,0.0,0,0.5522,1
301.8,310.9,1299.0,60.4,48.0,1.0,0,0.7012,1
302.6,310.8,1470.0,41.2,156.0,0.0,0,0.5825,1
300.6,310.7,1566.0,38.2,187.0,1.0,0,0.4217,0
301.5,310.4,2639.0,12.0,21.0,1.0,1,0.6622,1
298.0,308.3,1405.0,56.2,218.0,0.0,1,0.9229,1
299.4,310.8,1376.0,53.9,215.0,0.0,1,0.7106,1
303.8,313.1,2497.0,13.0,5.0,0.0,1,0.4809,0
298.2,308.5,2678.0,10.7,86.0,1.0,1,0.6582,1
298.5,308.1,1501.0,39.2,127.0,1.0,0,0.1843,0
300.3,309.9,1394.0,46.7,210.0,2.0,1,0.6242,1
298.0,308.7,1479.0,58.5,176.0,1.0,1,0.9065,1
300.0,311.2,1418.0,47.3,60.0,0.0,0,0.1547,0
302.0,310.4,1336.0,58.2,110.0,0.0,1,0.869,1
299.0,310.2,1377.0,62.5,92.0,0.0,1,0.7614,1
302.6,310.4,1365.0,66.8,80.0,0.0,1,0.9638,1
303.4,312.2,1337.0,69.4,52.0,0.0,1,0.99,1
300.7,312.3,1446.0,45.4,86.0,2.0,0,0.0684,0
303.1,312.6,1567.0,32.9,132.0,1.0,0,0.2105,0
302.4,310.3,1378.0,54.3,165.0,1.0,1,0.9535,1
298.1,308.6,1354.0,53.9,207.0,0.0,1,0.71,1
302.4,310.9,1469.0,39.6,86.0,0.0,0,0.3297,0
298.9,308.2,1372.0,63.6,30.0,1.0,1,0.8164,1
303.2,311.2,1363.0,46.7,29.0,0.0,1,0.3302,0
302.0,310.4,1212.0,55.6,79.0,1.0,1,0.5006,1
301.3,310.8,1418.0,45.4,59.0,1.0,0,0.1987,0
300.7,311.9,1399.0,50.2,222.0,0.0,1,0.6653,1
300.3,311.2,1381.0,65.2,136.0,1.0,1,0.9252,1
298.8,310.0,1389.0,49.6,149.0,0.0,0,0.3992,0
301.6,310.8,1664.0,32.0,58.0,1.0,0,0.1266,0
301.4,311.1,1469.0,36.9,133.0,0.0,0,0.1344,0
296.7,307.8,1258.0,69.0,105.0,1.0,1,0.8214,1
303.5,313.0,1465.0,41.0,56.0,0.0,0,0.1974,0
302.7,310.7,1369.0,47.5,11.0,0.0,1,0.3038,0
302.6,311.5,1442.0,59.8,169.0,0.0,1,0.99,1
299.2,310.0,1349.0,50.4,226.0,1.0,0,0.5916,1
301.4,310.6,1347.0,53.3,104.0,0.0,0,0.5936,1
302.4,310.1,1379.0,48.9,107.0,1.0,1,0.636,1
300.5,309.3,1417.0,51.5,231.0,0.0,1,0.8688,1
297.5,308.1,1334.0,72.0,151.0,1.0,1,0.975,1
298.2,307.6,1511.0,31.0,209.0,0.0,1,0.1607,0
298.3,309.5,1542.0,36.7,134.0,0.0,0,0.087,0
303.9,313.2,1422.0,48.0,215.0,1.0,1,0.7327,1
302.4,310.9,1349.0,46.1,148.0,0.0,1,0.4997,0
302.2,310.6,1346.0,47.5,109.0,0.0,1,0.5148,1
303.1,311.1,1420.0,55.8,113.0,0.0,0,0.8956,1
296.5,307.2,1481.0,38.2,160.0,0.0,0,0.1383,0
302.2,310.6,1346.0,49.2,134.0,1.0,1,0.5726,1
303.6,312.6,1502.0,39.5,103.0,0.0,0,0.3666,0
301.9,310.4,1376.0,54.9,126.0,0.0,1,0.8408,1
301.9,310.6,1331.0,68.6,85.0,0.0,1,0.9753,1
295.6,306.2,1263.0,61.8,27.0,0.0,0,0.3966,0
301.5,310.9,1580.0,32.3,11.0,0.0,0,0.087,0
296.6,307.7,1386.0,62.3,100.0,2.0,1,0.6858,1
298.7,309.8,1181.0,65.9,203.0,0.0,1,0.8371,1
301.8,309.7,1442.0,45.3,233.0,0.0,1,0.8722,1
298.7,309.9,1404.0,47.1,64.0,0.0,0,0.128,0
300.8,311.4,1322.0,67.2,18.0,0.0,1,0.7468,1
296.3,307.2,1319.0,68.3,24.0,1.0,1,0.6542,1
298.4,309.1,1417.0,40.6,121.0,0.0,0,0.1392,0
300.0,309.2,1566.0,34.4,18.0,0.0,0,0.0548,0
300.5,309.8,1379.0,54.2,207.0,0.0,1,0.9592,1
298.9,309.6,1663.0,33.7,195.0,0.0,0,0.3121,0
300.6,310.3,1648.0,30.5,217.0,0.0,1,0.414,0
298.9,309.0,1410.0,65.7,191.0,0.0,1,0.9878,1
297.5,308.3,2564.0,12.8,127.0,0.0,1,0.6791,1
302.8,312.3,1262.0,70.5,234.0,1.0,1,0.9694,1
302.3,311.5,1448.0,49.6,28.0,0.0,0,0.3798,0
298.7,309.8,1354.0,53.3,212.0,0.0,1,0.687,1
302.1,310.7,1364.0,47.8,213.0,1.0,1,0.8043,1
300.2,310.3,1704.0,29.4,221.0,1.0,0,0.3382,0
298.7,309.8,1539.0,33.4,2.0,0.0,0,0.01,0
302.2,310.1,1368.0,51.6,12.0,1.0,1,0.4005,0
302.0,309.9,1308.0,57.6,197.0,0.0,1,0.9077,1
301.0,311.0,1640.0,37.6,118.0,2.0,0,0.2405,0
302.2,311.6,1386.0,50.5,69.0,1.0,0,0.4178,0
302.2,311.3,1530.0,37.3,207.0,0.0,1,0.5844,1
301.0,310.6,1698.0,27.3,14.0,1.0,0,0.03,0
300.4,311.8,1553.0,33.1,209.0,1.0,1,0.0677,0
296.9,307.8,1840.0,24.6,157.0,1.0,0,0.0982,0
298.8,309.7,1499.0,40.3,154.0,1.0,0,0.1827,0
303.6,312.8,2659.0,11.4,26.0,1.0,1,0.7946,1
302.4,310.4,1586.0,34.3,149.0,1.0,0,0.3956,0
297.8,309.2,1683.0,30.9,163.0,0.0,0,0.1008,0
301.5,310.7,1454.0,39.4,17.0,1.0,0,0.1194,0
300.5,310.3,1336.0,57.1,29.0,0.0,0,0.4608,0
298.6,309.8,1842.0,20.1,142.0,0.0,0,0.0607,0
303.7,312.4,1642.0,32.3,206.0,1.0,0,0.5716,1
300.7,310.4,1416.0,61.8,209.0,0.0,1,0.9847,1
302.0,310.8,1615.0,29.0,235.0,0.0,1,0.4543,0
302.8,310.9,1312.0,52.2,40.0,0.0,1,0.4502,0
299.3,308.9,1258.0,69.4,119.0,0.0,1,0.9653,1
297.3,308.1,1615.0,35.4,217.0,0.0,1,0.2824,0
300.6,311.6,1630.0,31.8,52.0,1.0,0,0.0437,0
298.3,308.4,1329.0,49.2,166.0,0.0,0,0.4157,0
301.7,310.7,1442.0,41.1,89.0,1.0,0,0.1913,0
303.0,311.3,1365.0,56.2,146.0,0.0,1,0.9105,1
301.9,310.4,1373.0,48.0,73.0,1.0,1,0.3742,0
297.3,308.5,1398.0,60.4,12.0,0.0,0,0.3784,0
299.2,310.3,1352.0,48.9,238.0,0.0,1,0.551,1
302.5,310.9,1356.0,55.5,101.0,2.0,1,0.7422,1
299.8,310.8,1530.0,35.2,163.0,1.0,0,0.1226,0
302.7,310.5,1263.0,67.8,197.0,0.0,1,0.9565,1
297.2,307.9,1326.0,75.4,172.0,0.0,1,0.99,1
300.7,309.6,1996.0,19.8,203.0,1.0,1,0.4673,0
300.2,311.0,1255.0,71.8,149.0,0.0,1,0.9369,1
302.3,311.6,1665.0,34.3,139.0,0.0,0,0.3899,0
302.3,311.5,1543.0,33.1,39.0,0.0,0,0.1018,0
299.2,308.6,1267.0,68.2,76.0,0.0,1,0.9014,1
298.8,309.8,1493.0,38.5,132.0,0.0,0,0.1046,0
299.6,309.2,1867.0,23.4,225.0,1.0,1,0.4158,0
302.4,310.3,1375.0,52.5,161.0,1.0,1,0.8097,1
300.7,310.2,1364.0,65.3,208.0,2.0,1,0.9773,1
300.6,310.9,1471.0,37.9,86.0,0.0,0,0.1412,0
301.0,312.0,1499.0,34.6,207.0,1.0,0,0.1557,0
295.6,306.2,1329.0,55.3,135.0,2.0,0,0.4246,0
300.6,309.4,1380.0,47.6,246.0,2.0,1,0.8171,1
302.3,311.8,1369.0,56.2,208.0,0.0,1,0.9496,1
302.5,311.9,1437.0,46.7,65.0,0.0,0,0.2892,0
300.5,311.8,1524.0,38.9,214.0,0.0,1,0.2769,0
303.3,311.6,1337.0,56.8,187.0,0.0,1,0.9489,1
299.3,308.4,1542.0,37.5,203.0,1.0,1,0.4541,0
303.7,311.9,1332.0,52.7,66.0,2.0,1,0.6116,1
301.5,310.8,1350.0,58.5,13.0,0.0,0,0.5643,1
302.6,311.0,1284.0,68.0,114.0,0.0,1,0.9127,1
300.6,309.4,1367.0,63.2,45.0,1.0,1,0.8197,1
301.1,311.3,1630.0,29.5,51.0,0.0,0,0.01,0
299.0,310.3,1303.0,68.6,111.0,1.0,1,0.8511,1
299.8,310.6,1707.0,32.5,124.0,0.0,0,0.1624,0
303.0,311.1,1372.0,54.3,117.0,1.0,1,0.8242,1
301.7,309.8,1284.0,68.2,111.0,1.0,1,0.99,1
303.2,311.4,1324.0,54.2,228.0,0.0,1,0.9774,1
296.4,307.5,1549.0,36.1,58.0,0.0,0,0.0283,0
303.4,311.9,1298.0,63.9,59.0,0.0,1,0.83,1
297.1,308.4,1880.0,23.5,155.0,1.0,0,0.1106,0
301.9,311.0,1356.0,45.7,119.0,0.0,0,0.3703,0
296.9,308.0,1546.0,31.1,11.0,0.0,0,0.0167,0
303.1,312.5,1766.0,26.7,157.0,1.0,0,0.3085,0
300.5,309.4,1347.0,50.1,213.0,1.0,0,0.7428,1
302.1,310.7,1359.0,49.3,41.0,0.0,1,0.4088,0
301.9,309.9,1374.0,48.5,180.0,0.0,1,0.7748,1
297.8,309.7,1935.0,22.1,171.0,0.0,0,0.1327,0
298.9,310.1,1495.0,42.9,175.0,0.0,0,0.2674,0
298.4,308.7,1584.0,31.7,117.0,1.0,0,0.0346,0
303.2,311.4,1349.0,51.1,9.0,0.0,1,0.4323,0
300.2,310.0,1486.0,40.1,182.0,0.0,0,0.3838,0
298.9,310.0,1487.0,36.6,129.0,1.0,0,0.0897,0
300.3,310.3,1362.0,60.3,206.0,0.0,1,0.947,1
300.8,310.7,1633.0,27.8,0.0,0.0,0,0.0135,0
298.8,310.2,1461.0,46.7,105.0,0.0,0,0.256,0
304.3,313.6,1409.0,56.0,19.0,0.0,0,0.6337,1
298.9,310.2,1532.0,37.7,166.0,2.0,0,0.0798,0
302.5,311.4,1559.0,37.6,209.0,0.0,0,0.6272,1
296.9,307.5,2721.0,9.3,18.0,0.0,1,0.447,0
301.2,310.4,1382.0,41.6,117.0,1.0,0,0.2021,0
301.0,311.6,1440.0,43.3,131.0,0.0,0,0.1934,0
301.6,310.1,1326.0,48.2,77.0,0.0,1,0.3317,0
299.0,310.3,1658.0,27.6,69.0,2.0,0,0.01,0
296.8,307.8,1664.0,32.8,142.0,1.0,0,0.0977,0
302.6,311.6,1227.0,68.2,187.0,1.0,1,0.9336,1
301.7,311.0,1548.0,40.3,21.0,0.0,0,0.1436,0
303.2,311.4,1351.0,53.8,8.0,0.0,1,0.4925,0
301.5,310.8,1452.0,44.1,157.0,1.0,0,0.5296,1
297.9,307.4,1604.0,36.1,225.0,2.0,1,0.5054,1
303.8,313.1,1256.0,58.7,213.0,0.0,1,0.9163,1
302.3,311.7,1494.0,37.1,114.0,1.0,0,0.1643,0
301.1,311.0,1918.0,21.7,28.0,0.0,0,0.0611,0
302.7,312.2,1585.0,35.5,167.0,1.0,0,0.347,0
303.5,312.6,1602.0,34.2,108.0,0.0,0,0.2289,0
298.2,309.1,1429.0,48.5,164.0,0.0,0,0.4171,0
302.5,311.8,1566.0,37.6,54.0,1.0,0,0.1442,0
295.6,306.0,1949.0,21.9,5.0,0.0,0,0.01,0
301.9,310.4,1370.0,51.7,153.0,0.0,1,0.8054,1
297.8,309.0,1403.0,64.2,0.0,0.0,1,0.5945,1
303.4,311.5,1501.0,36.2,69.0,0.0,0,0.1541,0
298.1,307.7,2567.0,12.8,125.0,0.0,1,0.7836,1
301.9,309.6,1385.0,45.8,217.0,1.0,0,0.8102,1
302.3,310.1,1353.0,50.9,36.0,0.0,1,0.51,1
300.8,309.4,1946.0,20.5,111.0,0.0,0,0.2433,0
302.2,310.6,1334.0,53.2,159.0,0.0,1,0.7847,1
302.4,310.1,1358.0,54.6,61.0,1.0,1,0.6968,1
300.8,309.9,1312.0,65.3,192.0,0.0,1,0.9761,1
299.7,309.2,1685.0,28.9,179.0,1.0,1,0.2639,0
302.9,311.2,1330.0,53.7,200.0,1.0,1,0.8319,1
302.5,310.3,1710.0,27.3,186.0,1.0,0,0.4845,0
298.0,308.2,1365.0,52.9,218.0,0.0,1,0.8036,1
295.7,306.3,1915.0,22.4,79.0,0.0,0,0.0479,0
300.8,312.4,1465.0,59.1,91.0,0.0,1,0.7494,1
302.2,311.3,1475.0,48.6,104.0,0.0,0,0.6341,1
300.6,310.1,1337.0,45.8,62.0,0.0,0,0.1408,0
301.4,309.9,1259.0,63.9,20.0,0.0,1,0.7135,1
301.1,312.3,1534.0,39.0,129.0,0.0,0,0.095,0
301.9,310.9,1419.0,47.7,20.0,1.0,1,0.2781,0
302.0,310.4,1357.0,58.0,108.0,0.0,1,0.8493,1
298.1,309.9,1642.0,30.4,58.0,0.0,0,0.01,0
298.0,307.7,1487.0,41.3,160.0,1.0,0,0.2801,0
297.5,308.8,1309.0,57.3,0.0,0.0,0,0.1017,0
302.6,310.2,1325.0,62.4,92.0,0.0,1,0.9401,1
298.2,308.4,1355.0,49.4,209.0,0.0,0,0.5665,1
298.2,308.3,2057.0,18.0,168.0,0.0,0,0.2647,0
297.0,307.6,1575.0,37.4,98.0,0.0,0,0.1224,0
295.7,306.2,2270.0,14.6,149.0,0.0,1,0.303,0
303.4,311.7,1295.0,51.3,51.0,0.0,1,0.4324,0
301.8,310.6,1451.0,50.7,108.0,0.0,0,0.7859,1
302.4,311.0,1338.0,67.6,194.0,0.0,1,0.9592,1
295.8,306.3,1235.0,76.2,89.0,1.0,1,0.9288,1
300.5,311.5,1499.0,37.6,73.0,0.0,0,0.0905,0
302.6,312.1,1611.0,39.9,210.0,1.0,0,0.7784,1
299.5,309.3,1442.0,46.2,5.0,0.0,0,0.0833,0
302.4,310.2,1331.0,45.5,53.0,0.0,1,0.2667,0
301.2,309.8,1709.0,27.0,151.0,2.0,0,0.2628,0
299.1,310.6,1602.0,39.7,144.0,0.0,0,0.2576,0
299.1,308.2,1348.0,56.1,110.0,0.0,0,0.728,1
303.5,311.6,2183.0,17.0,110.0,0.0,0,0.5905,1
301.8,310.1,2372.0,13.9,205.0,1.0,1,0.8712,1
300.2,309.5,1495.0,32.6,49.0,0.0,0,0.0452,0
303.5,312.4,1284.0,70.6,94.0,0.0,1,0.9651,1
298.3,307.8,1457.0,52.5,98.0,1.0,0,0.6238,1
301.4,310.6,1565.0,36.1,110.0,1.0,0,0.2239,0
299.5,309.4,1390.0,58.8,195.0,0.0,1,0.9038,1
298.6,308.3,1278.0,60.5,32.0,0.0,0,0.5,0
301.1,310.4,1312.0,73.6,49.0,0.0,1,0.99,1
303.5,311.9,1344.0,49.3,93.0,0.0,1,0.4886,0
300.8,310.7,1339.0,59.1,203.0,0.0,1,0.9275,1
300.8,310.6,1577.0,37.9,227.0,0.0,1,0.5827,1
301.7,309.5,1298.0,65.5,229.0,0.0,1,0.99,1
302.7,312.2,1611.0,34.1,186.0,0.0,0,0.438,0
302.3,311.8,1363.0,54.0,119.0,1.0,1,0.7046,1
300.5,309.9,1397.0,45.9,210.0,2.0,1,0.636,1
296.9,307.8,1549.0,35.8,206.0,2.0,1,0.1768,0
300.3,311.1,1606.0,30.9,156.0,0.0,0,0.1361,0
297.2,308.1,1340.0,61.3,207.0,1.0,1,0.8046,1
301.7,310.2,1331.0,61.2,47.0,0.0,1,0.8714,1
300.7,311.8,1336.0,58.4,189.0,0.0,1,0.8223,1
299.9,310.2,1288.0,69.6,62.0,0.0,1,0.9078,1
300.4,311.2,1472.0,37.3,187.0,0.0,0,0.1454,0
303.0,311.3,1335.0,53.6,164.0,1.0,1,0.8258,1
299.4,308.7,1525.0,39.0,90.0,0.0,0,0.206,0
303.4,312.0,1521.0,35.9,215.0,0.0,1,0.5835,1
299.5,310.7,1488.0,39.5,95.0,1.0,0,0.0811,0
297.8,308.4,1479.0,43.5,143.0,1.0,0,0.2863,0
302.1,310.0,1355.0,45.1,6.0,1.0,1,0.1069,0
303.1,311.3,1336.0,52.6,172.0,0.0,1,0.8905,1
301.4,310.8,1285.0,62.6,183.0,0.0,1,0.94,1
301.9,310.5,1340.0,55.7,204.0,0.0,1,0.9212,1
303.5,312.8,1404.0,55.8,84.0,2.0,0,0.6977,1
301.8,310.6,2672.0,11.8,124.0,0.0,1,0.9448,1
302.7,310.5,1351.0,41.8,10.0,0.0,1,0.0411,0
303.3,311.4,1732.0,25.6,232.0,0.0,0,0.6062,1
299.1,308.8,1320.0,67.5,20.0,0.0,1,0.7681,1
303.3,311.4,1497.0,46.0,234.0,0.0,1,0.9318,1
299.3,308.7,1484.0,40.5,213.0,0.0,0,0.5319,1
296.8,307.6,1513.0,40.0,130.0,0.0,0,0.182,0
300.6,311.9,1463.0,38.2,41.0,0.0,0,0.0235,0
301.4,311.2,1476.0,36.5,25.0,1.0,0,0.0175,0
302.7,310.4,1305.0,55.2,20.0,2.0,1,0.5209,1
298.5,309.5,1385.0,46.3,203.0,0.0,1,0.4211,0
302.6,310.2,2676.0,10.8,84.0,1.0,1,0.9389,1
298.6,310.1,1444.0,48.1,39.0,1.0,0,0.0904,0
302.0,310.1,1361.0,45.4,174.0,0.0,1,0.6393,1
298.9,309.1,1452.0,45.5,196.0,0.0,0,0.5041,1
301.0,310.6,1493.0,37.8,206.0,0.0,1,0.4262,0
297.4,308.4,1620.0,35.8,215.0,1.0,0,0.2466,0
303.4,311.4,1307.0,54.0,44.0,1.0,1,0.5865,1
300.4,309.6,1675.0,35.5,164.0,1.0,0,0.5097,1
300.1,311.5,2218.0,17.0,123.0,0.0,0,0.3064,0
300.4,309.9,1513.0,38.7,76.0,2.0,0,0.0945,0
303.5,311.6,1361.0,46.5,62.0,0.0,1,0.3763,0
301.4,310.7,1487.0,44.6,88.0,0.0,0,0.4506,0
298.0,308.6,1430.0,57.0,43.0,0.0,0,0.5327,1
297.6,308.6,1415.0,47.3,169.0,0.0,0,0.3353,0
298.3,308.0,2886.0,3.8,57.0,0.0,1,0.7267,1
300.0,309.5,1425.0,40.8,178.0,1.0,0,0.3167,0
298.9,309.8,1287.0,61.9,216.0,0.0,1,0.8952,1
299.9,309.6,1364.0,44.4,20.0,1.0,0,0.0439,0
297.4,308.5,1399.0,61.5,61.0,0.0,1,0.631,1
304.0,313.0,1575.0,34.5,92.0,1.0,0,0.1528,0
301.3,310.7,1819.0,25.5,46.0,1.0,0,0.0876,0
302.6,310.8,1486.0,36.4,160.0,0.0,0,0.4158,0
297.2,308.5,1353.0,46.5,185.0,1.0,0,0.2106,0
299.0,310.0,1672.0,33.2,144.0,0.0,0,0.1147,0
299.1,310.5,1739.0,27.4,72.0,0.0,0,0.0624,0
302.5,310.2,1329.0,50.6,148.0,0.0,1,0.7938,1
303.4,311.8,1366.0,50.9,200.0,0.0,1,0.8594,1
301.3,310.0,1550.0,41.5,197.0,0.0,0,0.7497,1
300.7,309.5,1850.0,24.5,19.0,0.0,0,0.0417,0
300.5,311.2,1270.0,67.5,208.0,0.0,1,0.9283,1
298.0,308.3,1362.0,56.8,216.0,0.0,1,0.8473,1
299.3,308.6,1384.0,53.6,218.0,0.0,1,0.9223,1
297.7,308.5,1373.0,56.7,203.0,0.0,1,0.7915,1
298.0,308.7,1268.0,69.4,189.0,0.0,1,0.973,1
299.1,310.1,1435.0,48.8,229.0,0.0,1,0.6633,1
303.0,311.2,1341.0,51.0,174.0,0.0,1,0.8355,1
301.5,310.9,2760.0,8.0,15.0,0.0,1,0.6746,1
300.5,311.5,1378.0,48.2,82.0,1.0,0,0.1877,0
300.9,312.0,1397.0,42.7,212.0,2.0,0,0.2515,0
302.7,311.6,2709.0,9.7,2.0,1.0,1,0.6423,1
299.8,311.2,1369.0,46.2,146.0,0.0,0,0.1516,0
297.5,308.6,1388.0,48.2,203.0,0.0,0,0.4255,0
302.1,310.1,1447.0,46.6,169.0,0.0,0,0.7721,1
298.7,310.1,1402.0,69.7,64.0,1.0,1,0.897,1
298.4,309.5,2153.0,15.3,98.0,0.0,1,0.0771,0
301.7,310.9,1405.0,46.4,207.0,0.0,1,0.7921,1
300.3,311.9,1390.0,49.0,194.0,2.0,0,0.3507,0
303.7,312.7,1669.0,31.7,120.0,1.0,0,0.2935,0
302.6,312.2,1520.0,43.0,208.0,0.0,0,0.7006,1
302.5,312.0,1673.0,29.9,42.0,0.0,0,0.0619,0
298.6,308.2,1361.0,68.2,172.0,0.0,1,0.9837,1
301.2,311.6,1461.0,52.9,208.0,0.0,1,0.8058,1
300.5,311.6,1444.0,49.3,92.0,0.0,0,0.322,0
300.5,309.7,1580.0,42.8,196.0,0.0,0,0.8371,1
297.8,308.9,1871.0,25.6,200.0,0.0,1,0.2366,0
298.7,309.7,1393.0,45.7,99.0,0.0,0,0.1428,0
299.6,310.7,1922.0,23.3,205.0,0.0,1,0.3115,0
301.8,310.2,1437.0,42.3,0.0,1.0,0,0.118,0
299.1,309.8,1398.0,55.4,217.0,0.0,1,0.834,1
303.0,312.2,1257.0,71.3,122.0,1.0,1,0.9042,1
302.1,311.2,1454.0,59.2,153.0,0.0,1,0.9778,1
298.5,308.2,1301.0,66.3,42.0,0.0,1,0.7876,1
302.4,310.5,1372.0,45.7,144.0,1.0,1,0.5399,1
298.3,307.6,1942.0,20.6,176.0,0.0,0,0.2948,0
295.7,306.3,1462.0,44.3,37.0,1.0,0,0.0511,0
298.3,308.6,1548.0,40.3,140.0,0.0,0,0.2675,0
302.1,310.8,1596.0,37.1,43.0,0.0,0,0.2356,0
303.3,311.5,1373.0,47.3,60.0,1.0,1,0.3481,0
302.3,310.9,1377.0,46.8,166.0,0.0,1,0.6898,1
301.9,310.4,1286.0,62.8,22.0,0.0,1,0.7302,1
301.4,310.7,1425.0,45.1,7.0,0.0,0,0.1203,0
301.9,310.6,1412.0,46.5,89.0,1.0,0,0.4742,0
296.9,307.8,1400.0,57.1,202.0,0.0,1,0.8641,1
304.0,312.9,1363.0,62.5,200.0,0.0,1,0.985,1
299.7,311.0,1435.0,50.1,168.0,1.0,0,0.474,0
303.0,312.3,1480.0,41.4,125.0,0.0,0,0.3718,0
297.4,308.7,2874.0,4.2,118.0,0.0,1,0.6972,1
296.6,307.4,1504.0,45.8,58.0,0.0,0,0.1608,0
303.2,311.4,1238.0,54.6,226.0,0.0,1,0.8984,1
302.4,310.2,1351.0,45.1,168.0,0.0,1,0.6416,1
302.2,310.6,1348.0,48.4,161.0,0.0,1,0.6796,1
302.0,311.2,1270.0,65.3,182.0,0.0,1,0.9212,1
300.5,309.8,1324.0,72.8,159.0,2.0,1,0.9727,1
297.4,308.2,1530.0,32.6,22.0,1.0,0,0.0385,0
302.3,310.8,1377.0,47.3,22.0,0.0,1,0.2173,0
302.7,310.7,1597.0,41.9,15.0,0.0,0,0.4188,0
302.9,312.2,1340.0,57.8,90.0,0.0,0,0.7463,1
301.5,310.5,1528.0,35.7,198.0,0.0,0,0.442,0
301.1,311.6,1488.0,43.4,5.0,0.0,0,0.0753,0
300.5,310.5,2633.0,12.2,17.0,0.0,1,0.6106,1
303.5,312.0,1366.0,54.5,30.0,0.0,1,0.6277,1
300.1,309.4,1568.0,39.7,42.0,0.0,0,0.1449,0
300.7,309.5,1470.0,48.7,21.0,1.0,0,0.3889,0
300.2,309.8,1506.0,41.8,161.0,0.0,0,0.4417,0
303.4,311.8,1316.0,50.9,69.0,1.0,1,0.4447,0
298.0,308.7,1377.0,48.5,181.0,1.0,0,0.4113,0
299.4,308.7,1446.0,62.9,134.0,0.0,1,0.9459,1
303.6,312.2,1371.0,54.6,112.0,2.0,1,0.8152,1
302.1,310.6,1326.0,59.1,88.0,1.0,1,0.8035,1
298.3,308.1,1412.0,52.3,218.0,0.0,1,0.8204,1
301.5,310.7,1336.0,65.6,0.0,1.0,1,0.7714,1
299.8,310.2,1573.0,33.3,168.0,2.0,0,0.1186,0
298.9,310.1,1823.0,26.1,131.0,0.0,0,0.1339,0
302.0,310.5,1370.0,44.4,85.0,0.0,1,0.3131,0
300.7,310.9,1356.0,65.3,66.0,0.0,1,0.9086,1
297.8,308.5,1466.0,44.7,88.0,1.0,0,0.2221,0
300.7,309.9,1412.0,45.3,155.0,0.0,0,0.4755,0
304.4,313.7,1509.0,35.0,205.0,0.0,1,0.4246,0
298.4,308.9,1402.0,44.8,201.0,0.0,0,0.3606,0
297.6,308.5,1431.0,52.6,26.0,1.0,0,0.1805,0
302.3,310.1,1388.0,49.9,48.0,0.0,0,0.5344,1
300.7,311.9,1335.0,57.1,194.0,0.0,1,0.7394,1
302.6,310.4,1478.0,47.7,189.0,0.0,0,0.8762,1
302.6,312.3,1454.0,54.8,253.0,1.0,1,0.9574,1
299.6,311.0,1554.0,36.3,62.0,0.0,0,0.01,0
299.9,309.3,1620.0,31.1,196.0,0.0,0,0.3263,0
303.0,311.2,1374.0,48.2,65.0,0.0,1,0.4395,0
302.7,312.2,1450.0,52.1,213.0,0.0,1,0.99,1
299.1,310.2,1317.0,54.8,231.0,0.0,1,0.7225,1
297.9,309.0,1562.0,35.8,40.0,0.0,0,0.0338,0
302.5,310.4,1349.0,55.1,187.0,0.0,1,0.8975,1
298.0,307.5,1792.0,27.9,217.0,0.0,0,0.508,1
298.6,309.1,1587.0,37.3,203.0,1.0,0,0.3903,0
301.6,310.6,1309.0,65.8,75.0,1.0,1,0.9139,1
298.6,309.9,1593.0,37.4,47.0,0.0,0,0.0148,0
301.0,311.1,1236.0,64.4,177.0,0.0,1,0.9125,1
303.5,312.6,1642.0,29.4,18.0,1.0,0,0.0172,0
296.9,307.6,1435.0,45.0,119.0,0.0,0,0.2347,0
296.8,307.9,1448.0,48.8,31.0,0.0,0,0.1465,0
297.0,307.9,1448.0,45.6,172.0,2.0,0,0.3004,0
300.6,309.6,1290.0,57.4,119.0,0.0,0,0.6757,1
300.2,309.4,1433.0,48.8,191.0,1.0,0,0.7315,1
302.7,310.6,1349.0,51.2,6.0,1.0,1,0.4028,0
300.5,309.8,1663.0,29.1,145.0,0.0,1,0.2237,0
297.8,307.3,1327.0,61.0,186.0,0.0,1,0.95,1
300.7,311.1,2478.0,13.4,170.0,0.0,1,0.7153,1
297.0,307.8,1316.0,61.2,200.0,0.0,1,0.8675,1
301.3,310.6,1499.0,36.1,163.0,1.0,0,0.2787,0
299.7,309.3,1420.0,44.1,60.0,0.0,0,0.109,0
302.4,310.3,1374.0,51.2,163.0,0.0,1,0.8583,1
303.7,312.3,1349.0,51.0,105.0,0.0,0,0.6541,1
299.7,309.3,1399.0,41.9,221.0,1.0,1,0.424,0
298.5,309.5,1294.0,66.7,12.0,0.0,1,0.5209,1
302.2,311.4,1510.0,44.9,33.0,0.0,0,0.3043,0
302.3,310.9,1379.0,49.3,34.0,0.0,1,0.3552,0
302.7,312.4,1477.0,46.3,251.0,0.0,1,0.86,1
301.7,310.2,1486.0,43.0,66.0,0.0,0,0.3417,0
299.8,311.1,1452.0,44.3,167.0,1.0,0,0.2592,0
301.9,310.9,1567.0,39.0,214.0,0.0,1,0.7115,1
299.0,308.5,1559.0,38.1,194.0,0.0,0,0.488,0
297.9,309.5,1390.0,47.9,127.0,0.0,0,0.1769,0
299.5,309.0,1498.0,44.6,101.0,0.0,0,0.3772,0
301.1,310.9,1282.0,67.9,10.0,0.0,1,0.7847,1
300.5,311.8,1368.0,57.9,191.0,0.0,1,0.7595,1
295.7,306.2,1739.0,25.9,94.0,1.0,0,0.0482,0
303.4,311.8,1341.0,47.0,210.0,1.0,1,0.7502,1
302.5,310.9,1330.0,56.9,97.0,0.0,1,0.8159,1
299.2,309.0,1515.0,48.9,228.0,0.0,1,0.9046,1
298.2,308.4,1310.0,61.0,189.0,0.0,1,0.8217,1
303.7,312.0,2663.0,11.4,71.0,1.0,1,0.8297,1
300.7,310.9,1535.0,37.1,113.0,0.0,0,0.1614,0
298.7,309.2,1586.0,31.4,180.0,0.0,0,0.1291,0
