benchmark_mode,objective_type,budget_normalization,experiment_group,ansatz_type,gate_set,encoding_type,entanglement_topology,entangler_type,cost_type,n_qubits,reference_depth,depth,target_entangling_budget,actual_entangling_budget,gates_per_layer,run_id,layer_id,layer_mean_abs_grad,layer_grad_variance,layer_grad_norm,layer_max_abs_grad,layer_min_abs_grad,layer_near_zero_ratio
random_bp,expectation_value,same_entangling_gate_count,bcw_12q_random_bp,hea,RX_RY_RZ_CNOT,none,linear,cnot,local,12,1,1,11,11,11,0,0,0.0028180821199273675,0.00017125388278158878,0.07939396968087385,0.07816968099885398,9.226520679302848e-20,0.5277777777777778
random_bp,expectation_value,same_entangling_gate_count,bcw_12q_random_bp,hea,RX_RY_RZ_CNOT,none,linear,cnot,local,12,1,1,11,11,11,1,0,0.0030933945842227355,7.780351094666086e-05,0.05293892692704584,0.04145580205230383,3.2250544003458655e-19,0.6111111111111112
random_bp,expectation_value,same_entangling_gate_count,bcw_12q_random_bp,hea,RX_RY_RZ_CNOT,none,linear,cnot,local,12,1,1,11,11,11,2,0,0.00020648578903120768,2.616946734847387e-07,0.003113912096470714,0.001722541625932999,3.6078076609277614e-19,0.4722222222222222
random_bp,expectation_value,same_entangling_gate_count,bcw_12q_random_bp,hea,RX_RY_RZ_CNOT,none,circular,cnot,local,12,1,1,11,12,12,3,0,0.0011029701867653933,1.7998550405839998e-05,0.025779412067921968,0.02425435990490409,1.227651288988379e-18,0.5
random_bp,expectation_value,same_entangling_gate_count,bcw_12q_random_bp,hea,RX_RY_RZ_CNOT,none,circular,cnot,local,12,1,1,11,12,12,4,0,0.002596325332649662,6.691395072044882e-05,0.04912106451381424,0.04145580180268863,1.2981580157363427e-19,0.6111111111111112
random_bp,expectation_value,same_entangling_gate_count,bcw_12q_random_bp,hea,RX_RY_RZ_CNOT,none,circular,cnot,local,12,1,1,11,12,12,5,0,0.0010630486895032358,2.0298803421054086e-05,0.027418627293754702,0.026583918713842164,2.587038663810021e-20,0.3611111111111111
random_bp,expectation_value,same_entangling_gate_count,bcw_12q_random_bp,hea,RX_RY_RZ_CNOT,none,linear,cnot,global,12,1,1,11,11,11,6,0,0.0005236239703163193,1.4695266082352556e-06,0.007351319228197893,0.0053929632247301275,5.421010862427522e-20,0.6666666666666666
random_bp,expectation_value,same_entangling_gate_count,bcw_12q_random_bp,hea,RX_RY_RZ_CNOT,none,linear,cnot,global,12,1,1,11,11,11,7,0,2.049175461323393e-05,6.489144400312986e-09,0.0004956093332983746,0.00048319966824853227,5.975997425665063e-20,0.6944444444444444
random_bp,expectation_value,same_entangling_gate_count,bcw_12q_random_bp,hea,RX_RY_RZ_CNOT,none,linear,cnot,global,12,1,1,11,11,11,8,0,0.0055122895045169075,0.00012502863837665732,0.06984546146606285,0.04601301243650451,3.469446951953614e-18,0.6666666666666666
random_bp,expectation_value,same_entangling_gate_count,bcw_12q_random_bp,hea,RX_RY_RZ_CNOT,none,circular,cnot,global,12,1,1,11,12,12,9,0,0.0001683604718478877,1.9133300843976475e-07,0.00262497645010125,0.0017419911210677463,8.526134450066672e-20,0.6666666666666666
random_bp,expectation_value,same_entangling_gate_count,bcw_12q_random_bp,hea,RX_RY_RZ_CNOT,none,circular,cnot,global,12,1,1,11,12,12,10,0,9.857974929082218e-05,7.865597998010138e-08,0.0016950856699770999,0.0014074046380103235,6.134675776113371e-19,0.6666666666666666
random_bp,expectation_value,same_entangling_gate_count,bcw_12q_random_bp,hea,RX_RY_RZ_CNOT,none,circular,cnot,global,12,1,1,11,12,12,11,0,7.528144474469383e-05,4.5187572471639575e-08,0.00128580319699329,0.0011615785631370877,2.42532225255777e-19,0.6666666666666666
random_bp,expectation_value,same_entangling_gate_count,bcw_12q_random_bp,hea,RX_RY_RZ_CNOT,none,linear,cnot,hamiltonian_local,12,1,1,11,11,11,12,0,0.02647212897390895,0.0016289720541288518,0.24574808694405662,0.08832153116346178,6.003396450685836e-19,0.3888888888888889
random_bp,expectation_value,same_entangling_gate_count,bcw_12q_random_bp,hea,RX_RY_RZ_CNOT,none,linear,cnot,hamiltonian_local,12,1,1,11,11,11,13,0,0.023180572056389057,0.0014815965727196711,0.2309806755989398,0.08952776667206068,1.9190277472853566e-18,0.3888888888888889
random_bp,expectation_value,same_entangling_gate_count,bcw_12q_random_bp,hea,RX_RY_RZ_CNOT,none,linear,cnot,hamiltonian_local,12,1,1,11,11,11,14,0,0.025852284049239095,0.0014337318638756452,0.22874690167466413,0.07907964469303777,1.8013299781770603e-19,0.3888888888888889
random_bp,expectation_value,same_entangling_gate_count,bcw_12q_random_bp,hea,RX_RY_RZ_CNOT,none,circular,cnot,hamiltonian_local,12,1,1,11,12,12,15,0,0.024055051552945038,0.0014615119342658324,0.23114654743896992,0.08832180833361425,4.88206367001157e-18,0.4444444444444444
random_bp,expectation_value,same_entangling_gate_count,bcw_12q_random_bp,hea,RX_RY_RZ_CNOT,none,circular,cnot,hamiltonian_local,12,1,1,11,12,12,16,0,0.02066079313065958,0.0012918671379925262,0.21648535158731164,0.0895277533314483,2.17063522626893e-20,0.4444444444444444
random_bp,expectation_value,same_entangling_gate_count,bcw_12q_random_bp,hea,RX_RY_RZ_CNOT,none,circular,cnot,hamiltonian_local,12,1,1,11,12,12,17,0,0.023492847638509923,0.001306680645498812,0.22069568278740595,0.0790801148352758,1.1934447040391682e-20,0.4166666666666667
random_bp,expectation_value,same_entangling_gate_count,bcw_12q_random_bp,hea,RX_RY_RZ_CNOT,none,linear,cnot,local,12,2,2,22,22,11,18,0,0.01796785912156692,0.001371378690201656,0.22294158563169386,0.15414360387530182,0.0004949531876026689,0.0
random_bp,expectation_value,same_entangling_gate_count,bcw_12q_random_bp,hea,RX_RY_RZ_CNOT,none,linear,cnot,local,12,2,2,22,22,11,18,1,0.010635220347977384,0.0006921314138649923,0.15785101772168544,0.10032385815111683,1.8231894166048077e-18,0.3333333333333333
random_bp,expectation_value,same_entangling_gate_count,bcw_12q_random_bp,hea,RX_RY_RZ_CNOT,none,linear,cnot,local,12,2,2,22,22,11,19,0,0.01243281999962933,0.0008617813326512756,0.17614252653009083,0.11604915502675187,1.226969801385036e-07,0.027777777777777776
random_bp,expectation_value,same_entangling_gate_count,bcw_12q_random_bp,hea,RX_RY_RZ_CNOT,none,linear,cnot,local,12,2,2,22,22,11,19,1,0.0075161248519454,0.0006685287929169723,0.1578935052331748,0.15091623827646372,3.620880149574818e-18,0.3333333333333333
random_bp,expectation_value,same_entangling_gate_count,bcw_12q_random_bp,hea,RX_RY_RZ_CNOT,none,linear,cnot,local,12,2,2,22,22,11,20,0,0.007638260091866792,0.0003301458829797783,0.10947503465373881,0.08785975548364272,3.689097981224798e-05,0.0
random_bp,expectation_value,same_entangling_gate_count,bcw_12q_random_bp,hea,RX_RY_RZ_CNOT,none,linear,cnot,local,12,2,2,22,22,11,20,1,0.009682714336673101,0.0009415655525064724,0.18427960370642857,0.1558527698024893,5.509394325046779e-22,0.3333333333333333
random_bp,expectation_value,same_entangling_gate_count,bcw_12q_random_bp,hea,RX_RY_RZ_CNOT,none,circular,cnot,local,12,2,2,22,24,12,21,0,0.008826329591322504,0.00034652051731698993,0.11172962923082955,0.08552132286792835,8.26270091877114e-06,0.0
random_bp,expectation_value,same_entangling_gate_count,bcw_12q_random_bp,hea,RX_RY_RZ_CNOT,none,circular,cnot,local,12,2,2,22,24,12,21,1,0.005530248149646478,0.00018780834541147717,0.08250656431642436,0.05632101966073145,1.002879101859682e-18,0.3333333333333333
random_bp,expectation_value,same_entangling_gate_count,bcw_12q_random_bp,hea,RX_RY_RZ_CNOT,none,circular,cnot,local,12,2,2,22,24,12,22,0,0.0007456360301572315,2.621482960796068e-06,0.009729884323955978,0.008406705986179675,5.423328243801847e-06,0.0
random_bp,expectation_value,same_entangling_gate_count,bcw_12q_random_bp,hea,RX_RY_RZ_CNOT,none,circular,cnot,local,12,2,2,22,24,12,22,1,0.000702046831619704,3.6182534119419453e-06,0.012039856149121361,0.00876707305469004,1.4782670381098719e-18,0.3611111111111111
random_bp,expectation_value,same_entangling_gate_count,bcw_12q_random_bp,hea,RX_RY_RZ_CNOT,none,circular,cnot,local,12,2,2,22,24,12,23,0,0.00608513538783024,9.347002429349324e-05,0.058356734493511545,0.03403122569565355,9.026086830945603e-06,0.0
random_bp,expectation_value,same_entangling_gate_count,bcw_12q_random_bp,hea,RX_RY_RZ_CNOT,none,circular,cnot,local,12,2,2,22,24,12,23,1,0.0065705018716395135,0.0003365164655934764,0.11072857610345725,0.09353438913614323,1.4904041845992024e-20,0.3333333333333333
random_bp,expectation_value,same_entangling_gate_count,bcw_12q_random_bp,hea,RX_RY_RZ_CNOT,none,linear,cnot,global,12,2,2,22,22,11,24,0,0.0012422751688629238,2.5115088266504705e-06,0.009509751302115888,0.004483041600938377,9.121038335269101e-18,0.027777777777777776
random_bp,expectation_value,same_entangling_gate_count,bcw_12q_random_bp,hea,RX_RY_RZ_CNOT,none,linear,cnot,global,12,2,2,22,22,11,24,1,0.0002709688350104835,6.083697937934055e-07,0.004697695359908028,0.0039530590185302365,4.743384504624082e-19,0.6666666666666666
random_bp,expectation_value,same_entangling_gate_count,bcw_12q_random_bp,hea,RX_RY_RZ_CNOT,none,linear,cnot,global,12,2,2,22,22,11,25,0,0.0004950378394048731,6.184552239728355e-07,0.004734040740727038,0.0028525460973584573,1.4334629121809403e-17,0.027777777777777776
random_bp,expectation_value,same_entangling_gate_count,bcw_12q_random_bp,hea,RX_RY_RZ_CNOT,none,linear,cnot,global,12,2,2,22,22,11,25,1,0.00018650263303741192,2.2133427926724109e-07,0.002943269125146373,0.002494052527976979,1.5347031529107842e-19,0.6666666666666666
random_bp,expectation_value,same_entangling_gate_count,bcw_12q_random_bp,hea,RX_RY_RZ_CNOT,none,linear,cnot,global,12,2,2,22,22,11,26,0,0.00018191520530304328,1.0092611605691743e-07,0.0019086031441566925,0.0012509007095705476,2.7095507819770045e-18,0.027777777777777776
random_bp,expectation_value,same_entangling_gate_count,bcw_12q_random_bp,hea,RX_RY_RZ_CNOT,none,linear,cnot,global,12,2,2,22,22,11,26,1,0.00010630770020494165,9.483225440562751e-08,0.0018477352094210617,0.0014118588876817402,4.464320819994475e-19,0.6666666666666666
random_bp,expectation_value,same_entangling_gate_count,bcw_12q_random_bp,hea,RX_RY_RZ_CNOT,none,circular,cnot,global,12,2,2,22,24,12,27,0,0.001218163141804889,4.575125471051837e-06,0.013004389454466622,0.008338194527346078,1.0569493615737952e-05,0.0
random_bp,expectation_value,same_entangling_gate_count,bcw_12q_random_bp,hea,RX_RY_RZ_CNOT,none,circular,cnot,global,12,2,2,22,24,12,27,1,0.0003499968697995464,6.363513572008318e-07,0.004786736385333745,0.003485591390473808,3.8009042327966606e-19,0.6666666666666666
random_bp,expectation_value,same_entangling_gate_count,bcw_12q_random_bp,hea,RX_RY_RZ_CNOT,none,circular,cnot,global,12,2,2,22,24,12,28,0,0.002475637714405714,2.7673759337234096e-05,0.031762972289456785,0.021329353216332447,3.848102527817784e-05,0.0
random_bp,expectation_value,same_entangling_gate_count,bcw_12q_random_bp,hea,RX_RY_RZ_CNOT,none,circular,cnot,global,12,2,2,22,24,12,28,1,0.0010988840250921704,1.5879830530039332e-05,0.02419698978526866,0.02274967508503418,4.0657581468206416e-19,0.6666666666666666
random_bp,expectation_value,same_entangling_gate_count,bcw_12q_random_bp,hea,RX_RY_RZ_CNOT,none,circular,cnot,global,12,2,2,22,24,12,29,0,0.0001893886561514171,8.459271648126734e-08,0.0017454187886492276,0.0009640350578040647,2.3990242336426316e-06,0.0
random_bp,expectation_value,same_entangling_gate_count,bcw_12q_random_bp,hea,RX_RY_RZ_CNOT,none,circular,cnot,global,12,2,2,22,24,12,29,1,0.00011636943633148873,9.153154503644696e-08,0.0019206608180540917,0.0012089042052808082,2.0328790734103208e-20,0.6666666666666666
random_bp,expectation_value,same_entangling_gate_count,bcw_12q_random_bp,hea,RX_RY_RZ_CNOT,none,linear,cnot,hamiltonian_local,12,2,2,22,22,11,30,0,0.02367657306999987,0.001100566425120781,0.19937592914936786,0.07998670101229544,1.6770553047203614e-17,0.027777777777777776
random_bp,expectation_value,same_entangling_gate_count,bcw_12q_random_bp,hea,RX_RY_RZ_CNOT,none,linear,cnot,hamiltonian_local,12,2,2,22,22,11,30,1,0.007364090447048721,0.0002867506195527653,0.10198028197155708,0.056737590585044226,8.109287830359712e-19,0.5277777777777778
random_bp,expectation_value,same_entangling_gate_count,bcw_12q_random_bp,hea,RX_RY_RZ_CNOT,none,linear,cnot,hamiltonian_local,12,2,2,22,22,11,31,0,0.02636121691845441,0.001791435402654273,0.25508698728474766,0.11736079371951112,1.4223226380122882e-17,0.027777777777777776
random_bp,expectation_value,same_entangling_gate_count,bcw_12q_random_bp,hea,RX_RY_RZ_CNOT,none,linear,cnot,hamiltonian_local,12,2,2,22,22,11,31,1,0.005877720433243833,0.000254753378193051,0.09937384784057941,0.08882145339111006,1.734723475976807e-18,0.5555555555555556
random_bp,expectation_value,same_entangling_gate_count,bcw_12q_random_bp,hea,RX_RY_RZ_CNOT,none,linear,cnot,hamiltonian_local,12,2,2,22,22,11,32,0,0.010107995613328124,0.00019569757847002123,0.08893210547387731,0.041389662863694145,2.81715114230824e-17,0.027777777777777776
random_bp,expectation_value,same_entangling_gate_count,bcw_12q_random_bp,hea,RX_RY_RZ_CNOT,none,linear,cnot,hamiltonian_local,12,2,2,22,22,11,32,1,0.011737441263936025,0.0006745589252413331,0.15917752101417182,0.0756862267314077,7.881167516550852e-19,0.4444444444444444
random_bp,expectation_value,same_entangling_gate_count,bcw_12q_random_bp,hea,RX_RY_RZ_CNOT,none,circular,cnot,hamiltonian_local,12,2,2,22,24,12,33,0,0.02326272564800918,0.001086080377862658,0.197999115971521,0.07845718122487538,0.0011922029858401663,0.0
random_bp,expectation_value,same_entangling_gate_count,bcw_12q_random_bp,hea,RX_RY_RZ_CNOT,none,circular,cnot,hamiltonian_local,12,2,2,22,24,12,33,1,0.0070773690838864855,0.00021848470086427535,0.08872268327905558,0.07093839189743462,1.9830413821520342e-19,0.3888888888888889
random_bp,expectation_value,same_entangling_gate_count,bcw_12q_random_bp,hea,RX_RY_RZ_CNOT,none,circular,cnot,hamiltonian_local,12,2,2,22,24,12,34,0,0.020057814488633835,0.001149285287547132,0.20838378848512557,0.11737066972202229,1.2517309241656671e-05,0.0
random_bp,expectation_value,same_entangling_gate_count,bcw_12q_random_bp,hea,RX_RY_RZ_CNOT,none,circular,cnot,hamiltonian_local,12,2,2,22,24,12,34,1,0.0045074889961290426,0.00022873122127548242,0.09293811561120847,0.08866512998650956,3.9399827356288165e-19,0.4166666666666667
random_bp,expectation_value,same_entangling_gate_count,bcw_12q_random_bp,hea,RX_RY_RZ_CNOT,none,circular,cnot,hamiltonian_local,12,2,2,22,24,12,35,0,0.007628841449386212,0.00013855258373992793,0.07380229193972265,0.038634430503077286,4.48267031464486e-05,0.0
random_bp,expectation_value,same_entangling_gate_count,bcw_12q_random_bp,hea,RX_RY_RZ_CNOT,none,circular,cnot,hamiltonian_local,12,2,2,22,24,12,35,1,0.009676272003216137,0.0005139118009506613,0.13981959821118572,0.06849877654511291,2.270627264981611e-18,0.3888888888888889
random_bp,expectation_value,same_entangling_gate_count,bcw_12q_random_bp,hea,RX_RY_RZ_CNOT,none,linear,cnot,local,12,4,4,44,44,11,36,0,0.013389076271496037,0.00031545440350824646,0.10779119891727747,0.03838497207560407,0.00014562438320216142,0.0
random_bp,expectation_value,same_entangling_gate_count,bcw_12q_random_bp,hea,RX_RY_RZ_CNOT,none,linear,cnot,local,12,4,4,44,44,11,36,1,0.013351855543708293,0.0004476267526871731,0.1307030566384013,0.06784234349602565,2.347756860830586e-05,0.0
random_bp,expectation_value,same_entangling_gate_count,bcw_12q_random_bp,hea,RX_RY_RZ_CNOT,none,linear,cnot,local,12,4,4,44,44,11,36,2,0.011153611607522158,0.00030623257048809397,0.10502990144232185,0.05427133740129555,6.105025584732422e-05,0.0
random_bp,expectation_value,same_entangling_gate_count,bcw_12q_random_bp,hea,RX_RY_RZ_CNOT,none,linear,cnot,local,12,4,4,44,44,11,36,3,0.004251595631465659,5.2345492294917127e-05,0.04375305573050855,0.023767181949803654,1.2955500278914584e-18,0.3333333333333333
random_bp,expectation_value,same_entangling_gate_count,bcw_12q_random_bp,hea,RX_RY_RZ_CNOT,none,linear,cnot,local,12,4,4,44,44,11,37,0,0.006903362244617044,0.0001280696821647872,0.06793180299602244,0.03355309461708816,8.498028787549006e-05,0.0
random_bp,expectation_value,same_entangling_gate_count,bcw_12q_random_bp,hea,RX_RY_RZ_CNOT,none,linear,cnot,local,12,4,4,44,44,11,37,1,0.00769729000750614,0.00017363530213865546,0.08113726662795874,0.04228053051310915,7.202058305022692e-06,0.0
random_bp,expectation_value,same_entangling_gate_count,bcw_12q_random_bp,hea,RX_RY_RZ_CNOT,none,linear,cnot,local,12,4,4,44,44,11,37,2,0.01061545093429453,0.0003302547405332861,0.10903884005584383,0.05098065233870899,9.020157752404776e-06,0.0
random_bp,expectation_value,same_entangling_gate_count,bcw_12q_random_bp,hea,RX_RY_RZ_CNOT,none,linear,cnot,local,12,4,4,44,44,11,37,3,0.0038983784961278806,8.230343630185607e-05,0.05447834927673282,0.04542171366132593,9.40019178026333e-19,0.3333333333333333
random_bp,expectation_value,same_entangling_gate_count,bcw_12q_random_bp,hea,RX_RY_RZ_CNOT,none,linear,cnot,local,12,4,4,44,44,11,38,0,0.005870456299774448,7.952009438997823e-05,0.05408446699691328,0.027439382614188323,0.00010690644407840982,0.0
random_bp,expectation_value,same_entangling_gate_count,bcw_12q_random_bp,hea,RX_RY_RZ_CNOT,none,linear,cnot,local,12,4,4,44,44,11,38,1,0.005762722113363868,0.0001031852785489915,0.06177577244503348,0.04694671080109061,0.00012445182276352228,0.0
random_bp,expectation_value,same_entangling_gate_count,bcw_12q_random_bp,hea,RX_RY_RZ_CNOT,none,linear,cnot,local,12,4,4,44,44,11,38,2,0.003609016134843178,2.9004030709337517e-05,0.03378381288468824,0.01825606001001636,8.588307550007248e-05,0.0
random_bp,expectation_value,same_entangling_gate_count,bcw_12q_random_bp,hea,RX_RY_RZ_CNOT,none,linear,cnot,local,12,4,4,44,44,11,38,3,0.003772997961873144,5.4891872615231646e-05,0.04466812439387692,0.025466592508100173,1.612630463427806e-19,0.3333333333333333
random_bp,expectation_value,same_entangling_gate_count,bcw_12q_random_bp,hea,RX_RY_RZ_CNOT,none,circular,cnot,local,12,4,4,44,48,12,39,0,0.004726120077390877,3.9550716677255884e-05,0.0378228108787384,0.017349558356199123,0.00011474904995383226,0.0
random_bp,expectation_value,same_entangling_gate_count,bcw_12q_random_bp,hea,RX_RY_RZ_CNOT,none,circular,cnot,local,12,4,4,44,48,12,39,1,0.004472005534133578,4.065676238552952e-05,0.03843311092186213,0.019390954569262642,4.0343472018380955e-05,0.0
random_bp,expectation_value,same_entangling_gate_count,bcw_12q_random_bp,hea,RX_RY_RZ_CNOT,none,circular,cnot,local,12,4,4,44,48,12,39,2,0.003760591671908217,2.4756917906125133e-05,0.029927351170425196,0.014351979611310014,1.0681345245493884e-06,0.0
random_bp,expectation_value,same_entangling_gate_count,bcw_12q_random_bp,hea,RX_RY_RZ_CNOT,none,circular,cnot,local,12,4,4,44,48,12,39,3,0.0023118968035522585,1.7058535394793344e-05,0.02653477907992241,0.018441144454383017,2.3327086991406786e-18,0.3333333333333333
random_bp,expectation_value,same_entangling_gate_count,bcw_12q_random_bp,hea,RX_RY_RZ_CNOT,none,circular,cnot,local,12,4,4,44,48,12,40,0,0.002607891161409204,1.3031079554631055e-05,0.02174174521333719,0.013128167885087234,0.0001400348174387272,0.0
random_bp,expectation_value,same_entangling_gate_count,bcw_12q_random_bp,hea,RX_RY_RZ_CNOT,none,circular,cnot,local,12,4,4,44,48,12,40,1,0.0018710530691200202,5.815098334716053e-06,0.014662934090079393,0.007596294832950804,3.446888018170157e-05,0.0
random_bp,expectation_value,same_entangling_gate_count,bcw_12q_random_bp,hea,RX_RY_RZ_CNOT,none,circular,cnot,local,12,4,4,44,48,12,40,2,0.0020280438125562924,6.808215262375746e-06,0.015675897372112054,0.006103795311057814,0.00013734349578049853,0.0
random_bp,expectation_value,same_entangling_gate_count,bcw_12q_random_bp,hea,RX_RY_RZ_CNOT,none,circular,cnot,local,12,4,4,44,48,12,40,3,0.001353558265014913,6.237234754896343e-06,0.015280833727914358,0.010861918679288485,1.507269082904822e-18,0.3333333333333333
random_bp,expectation_value,same_entangling_gate_count,bcw_12q_random_bp,hea,RX_RY_RZ_CNOT,none,circular,cnot,local,12,4,4,44,48,12,41,0,0.0024786694275856567,9.82149687980246e-06,0.018861516089914192,0.008637930121910841,2.9863666304383177e-05,0.0
random_bp,expectation_value,same_entangling_gate_count,bcw_12q_random_bp,hea,RX_RY_RZ_CNOT,none,circular,cnot,local,12,4,4,44,48,12,41,1,0.002476927939805081,1.0319724790238376e-05,0.01927876761607072,0.008601507506513405,7.672927479149922e-06,0.0
random_bp,expectation_value,same_entangling_gate_count,bcw_12q_random_bp,hea,RX_RY_RZ_CNOT,none,circular,cnot,local,12,4,4,44,48,12,41,2,0.002375396104212477,1.0374418023610287e-05,0.019500880732844384,0.010575879042510767,9.458252362042882e-05,0.0
random_bp,expectation_value,same_entangling_gate_count,bcw_12q_random_bp,hea,RX_RY_RZ_CNOT,none,circular,cnot,local,12,4,4,44,48,12,41,3,0.001768192916898885,8.861812219830769e-06,0.01795309596629505,0.010583869546876273,6.085128655810674e-19,0.3333333333333333
random_bp,expectation_value,same_entangling_gate_count,bcw_12q_random_bp,hea,RX_RY_RZ_CNOT,none,linear,cnot,global,12,4,4,44,44,11,42,0,0.013330066544168592,0.0004082047645883161,0.12169590438106655,0.06745537491006438,0.0004778483678475661,0.0
random_bp,expectation_value,same_entangling_gate_count,bcw_12q_random_bp,hea,RX_RY_RZ_CNOT,none,linear,cnot,global,12,4,4,44,44,11,42,1,0.011312968130550768,0.00023061069511227085,0.09154232732055245,0.03693322381536329,0.00029244880814945,0.0
random_bp,expectation_value,same_entangling_gate_count,bcw_12q_random_bp,hea,RX_RY_RZ_CNOT,none,linear,cnot,global,12,4,4,44,44,11,42,2,0.009306671723140085,0.00016076941989198135,0.07702021141169625,0.03296655820173505,3.8652621487229024e-17,0.027777777777777776
random_bp,expectation_value,same_entangling_gate_count,bcw_12q_random_bp,hea,RX_RY_RZ_CNOT,none,linear,cnot,global,12,4,4,44,44,11,42,3,0.005697885620882626,0.00017181712372135407,0.08098387278325088,0.05432535325624639,1.460498812199702e-19,0.6666666666666666
random_bp,expectation_value,same_entangling_gate_count,bcw_12q_random_bp,hea,RX_RY_RZ_CNOT,none,linear,cnot,global,12,4,4,44,44,11,43,0,0.005740782607376984,6.138922526346956e-05,0.047996469341745555,0.025532078208734123,8.405194509318928e-05,0.0
random_bp,expectation_value,same_entangling_gate_count,bcw_12q_random_bp,hea,RX_RY_RZ_CNOT,none,linear,cnot,global,12,4,4,44,44,11,43,1,0.005411028681439157,4.520616523542531e-05,0.04034449698572785,0.014131131282955418,0.00014772746013598016,0.0
random_bp,expectation_value,same_entangling_gate_count,bcw_12q_random_bp,hea,RX_RY_RZ_CNOT,none,linear,cnot,global,12,4,4,44,44,11,43,2,0.005448807554202556,4.9545020792260445e-05,0.043072574445435344,0.01646598742650004,1.751374039361628e-18,0.027777777777777776
random_bp,expectation_value,same_entangling_gate_count,bcw_12q_random_bp,hea,RX_RY_RZ_CNOT,none,linear,cnot,global,12,4,4,44,44,11,43,3,0.0023920201207985234,3.53598849799499e-05,0.035814381011034006,0.022845272651955663,1.0842021724855044e-19,0.6666666666666666
random_bp,expectation_value,same_entangling_gate_count,bcw_12q_random_bp,hea,RX_RY_RZ_CNOT,none,linear,cnot,global,12,4,4,44,44,11,44,0,0.003971887023276401,2.6062668372935193e-05,0.03227205621964998,0.014265817115583794,4.982257053993402e-05,0.0
random_bp,expectation_value,same_entangling_gate_count,bcw_12q_random_bp,hea,RX_RY_RZ_CNOT,none,linear,cnot,global,12,4,4,44,44,11,44,1,0.00535849428584441,7.297297460297445e-05,0.05136077672322305,0.036384806614109956,0.00020320979407535493,0.0
random_bp,expectation_value,same_entangling_gate_count,bcw_12q_random_bp,hea,RX_RY_RZ_CNOT,none,linear,cnot,global,12,4,4,44,44,11,44,2,0.005290642310583044,4.101908376657522e-05,0.0385467365000826,0.014171606497050971,1.0252242614863408e-17,0.027777777777777776
random_bp,expectation_value,same_entangling_gate_count,bcw_12q_random_bp,hea,RX_RY_RZ_CNOT,none,linear,cnot,global,12,4,4,44,44,11,44,3,0.0020587421487365245,2.3605193464134573e-05,0.02973866794215488,0.017860566431560705,2.168404344971009e-19,0.6666666666666666
random_bp,expectation_value,same_entangling_gate_count,bcw_12q_random_bp,hea,RX_RY_RZ_CNOT,none,circular,cnot,global,12,4,4,44,48,12,45,0,0.012420467523902027,0.0002598931559235034,0.09833349468167833,0.04175850251797004,0.00021872963497018318,0.0
random_bp,expectation_value,same_entangling_gate_count,bcw_12q_random_bp,hea,RX_RY_RZ_CNOT,none,circular,cnot,global,12,4,4,44,48,12,45,1,0.01089276900093627,0.00017139236103438362,0.0785640842662981,0.027625358555908537,0.0001301682517070961,0.0
random_bp,expectation_value,same_entangling_gate_count,bcw_12q_random_bp,hea,RX_RY_RZ_CNOT,none,circular,cnot,global,12,4,4,44,48,12,45,2,0.014824963292684932,0.0004397651358329037,0.1266427371006075,0.06321063914435363,0.00026316969084866056,0.0
random_bp,expectation_value,same_entangling_gate_count,bcw_12q_random_bp,hea,RX_RY_RZ_CNOT,none,circular,cnot,global,12,4,4,44,48,12,45,3,0.005763562311247719,0.00028370929040213825,0.10260293902295531,0.08901913520268444,0.0,0.6666666666666666
random_bp,expectation_value,same_entangling_gate_count,bcw_12q_random_bp,hea,RX_RY_RZ_CNOT,none,circular,cnot,global,12,4,4,44,48,12,46,0,0.010026535501290502,0.00019097575984513816,0.0868097236131435,0.05616770237250045,0.0002998513219671507,0.0
random_bp,expectation_value,same_entangling_gate_count,bcw_12q_random_bp,hea,RX_RY_RZ_CNOT,none,circular,cnot,global,12,4,4,44,48,12,46,1,0.005957713805570851,4.8434899972574496e-05,0.04342125331544829,0.0165922507700458,0.0002700608350975483,0.0
random_bp,expectation_value,same_entangling_gate_count,bcw_12q_random_bp,hea,RX_RY_RZ_CNOT,none,circular,cnot,global,12,4,4,44,48,12,46,2,0.011998423639430282,0.0002389870477063847,0.096402629947048,0.05568643210274918,0.00022106362760364318,0.0
random_bp,expectation_value,same_entangling_gate_count,bcw_12q_random_bp,hea,RX_RY_RZ_CNOT,none,circular,cnot,global,12,4,4,44,48,12,46,3,0.0021431266937804645,3.1594793147938504e-05,0.03431440541191561,0.026242181369599347,1.640573153929667e-18,0.6666666666666666
random_bp,expectation_value,same_entangling_gate_count,bcw_12q_random_bp,hea,RX_RY_RZ_CNOT,none,circular,cnot,global,12,4,4,44,48,12,47,0,0.007091263242443502,7.991466002923262e-05,0.05502302026603667,0.022837747716778274,0.00023758619654493107,0.0
random_bp,expectation_value,same_entangling_gate_count,bcw_12q_random_bp,hea,RX_RY_RZ_CNOT,none,circular,cnot,global,12,4,4,44,48,12,47,1,0.005281176979845804,3.940330758001138e-05,0.038806513332756226,0.017891139313043085,3.374938227467284e-05,0.0
random_bp,expectation_value,same_entangling_gate_count,bcw_12q_random_bp,hea,RX_RY_RZ_CNOT,none,circular,cnot,global,12,4,4,44,48,12,47,2,0.007793146661870271,9.837001301379028e-05,0.059740376671180116,0.025076467927268496,0.0006164765469371734,0.0
random_bp,expectation_value,same_entangling_gate_count,bcw_12q_random_bp,hea,RX_RY_RZ_CNOT,none,circular,cnot,global,12,4,4,44,48,12,47,3,0.0029120431881500554,4.029406901350618e-05,0.03826064941739859,0.026229419811503854,1.0842021724855044e-19,0.6666666666666666
random_bp,expectation_value,same_entangling_gate_count,bcw_12q_random_bp,hea,RX_RY_RZ_CNOT,none,linear,cnot,hamiltonian_local,12,4,4,44,44,11,48,0,0.010774570494538789,0.0002677013613583894,0.09846700392982581,0.05678847416870163,9.60037643385845e-05,0.0
random_bp,expectation_value,same_entangling_gate_count,bcw_12q_random_bp,hea,RX_RY_RZ_CNOT,none,linear,cnot,hamiltonian_local,12,4,4,44,44,11,48,1,0.012154079684274864,0.00022202525883148702,0.09459964636483895,0.034474967035723926,0.0008607763074841897,0.0
random_bp,expectation_value,same_entangling_gate_count,bcw_12q_random_bp,hea,RX_RY_RZ_CNOT,none,linear,cnot,hamiltonian_local,12,4,4,44,44,11,48,2,0.014276003741225667,0.00048460027261137105,0.1321785000817061,0.05996526135061939,1.6613103256740612e-17,0.027777777777777776
random_bp,expectation_value,same_entangling_gate_count,bcw_12q_random_bp,hea,RX_RY_RZ_CNOT,none,linear,cnot,hamiltonian_local,12,4,4,44,44,11,48,3,0.0047712107723725744,0.00010191355084962785,0.06088704960925559,0.035921354158189485,8.673617379884035e-19,0.3888888888888889
random_bp,expectation_value,same_entangling_gate_count,bcw_12q_random_bp,hea,RX_RY_RZ_CNOT,none,linear,cnot,hamiltonian_local,12,4,4,44,44,11,49,0,0.018027427281872146,0.0009663894582519759,0.18750622867316932,0.12703427799015146,3.1278294491961234e-05,0.0
random_bp,expectation_value,same_entangling_gate_count,bcw_12q_random_bp,hea,RX_RY_RZ_CNOT,none,linear,cnot,hamiltonian_local,12,4,4,44,44,11,49,1,0.026469031295082587,0.0012359543380995757,0.21267083790068164,0.087611704802029,3.249182770923989e-05,0.0
random_bp,expectation_value,same_entangling_gate_count,bcw_12q_random_bp,hea,RX_RY_RZ_CNOT,none,linear,cnot,hamiltonian_local,12,4,4,44,44,11,49,2,0.014804161824627907,0.00045057148669172233,0.12984961662202155,0.05794728627189211,4.6117300387980353e-17,0.027777777777777776
random_bp,expectation_value,same_entangling_gate_count,bcw_12q_random_bp,hea,RX_RY_RZ_CNOT,none,linear,cnot,hamiltonian_local,12,4,4,44,44,11,49,3,0.005877257784376916,0.00020861355121836437,0.08696028181843835,0.053694714421466935,2.4270811663669855e-18,0.3888888888888889
random_bp,expectation_value,same_entangling_gate_count,bcw_12q_random_bp,hea,RX_RY_RZ_CNOT,none,linear,cnot,hamiltonian_local,12,4,4,44,44,11,50,0,0.008887890690090291,0.00013867592674467313,0.07441128134333949,0.028296656074055567,8.419656091673247e-05,0.0
random_bp,expectation_value,same_entangling_gate_count,bcw_12q_random_bp,hea,RX_RY_RZ_CNOT,none,linear,cnot,hamiltonian_local,12,4,4,44,44,11,50,1,0.013079074284427743,0.0004492733711183826,0.12988290075693606,0.07144279084234198,4.694237523090956e-05,0.0
random_bp,expectation_value,same_entangling_gate_count,bcw_12q_random_bp,hea,RX_RY_RZ_CNOT,none,linear,cnot,hamiltonian_local,12,4,4,44,44,11,50,2,0.007920061318108412,0.00013176970439032957,0.07388997180146581,0.05429226475022193,3.706522937597636e-18,0.027777777777777776
random_bp,expectation_value,same_entangling_gate_count,bcw_12q_random_bp,hea,RX_RY_RZ_CNOT,none,linear,cnot,hamiltonian_local,12,4,4,44,44,11,50,3,0.0045363583880203276,7.677247957756934e-05,0.05343088853427836,0.030430769436069725,9.572641206400385e-19,0.3888888888888889
random_bp,expectation_value,same_entangling_gate_count,bcw_12q_random_bp,hea,RX_RY_RZ_CNOT,none,circular,cnot,hamiltonian_local,12,4,4,44,48,12,51,0,0.007939641378525548,0.00011952221612089367,0.06564483771199998,0.02713575449897572,0.0002659711319258556,0.0
random_bp,expectation_value,same_entangling_gate_count,bcw_12q_random_bp,hea,RX_RY_RZ_CNOT,none,circular,cnot,hamiltonian_local,12,4,4,44,48,12,51,1,0.010275416161605738,0.00014106883734831904,0.07563754915501973,0.026535660629565923,0.00024080820399962905,0.0
random_bp,expectation_value,same_entangling_gate_count,bcw_12q_random_bp,hea,RX_RY_RZ_CNOT,none,circular,cnot,hamiltonian_local,12,4,4,44,48,12,51,2,0.010193340400859306,0.00027242667716752397,0.10082017103760015,0.060010672391951285,0.00041751953511719175,0.0
random_bp,expectation_value,same_entangling_gate_count,bcw_12q_random_bp,hea,RX_RY_RZ_CNOT,none,circular,cnot,hamiltonian_local,12,4,4,44,48,12,51,3,0.0030264809633495037,3.569563728390287e-05,0.036498599300314474,0.024926817226161347,0.0,0.3888888888888889
random_bp,expectation_value,same_entangling_gate_count,bcw_12q_random_bp,hea,RX_RY_RZ_CNOT,none,circular,cnot,hamiltonian_local,12,4,4,44,48,12,52,0,0.01274751225590074,0.0005859519150229018,0.14939180402123184,0.11108547994033435,0.000335244964525621,0.0
random_bp,expectation_value,same_entangling_gate_count,bcw_12q_random_bp,hea,RX_RY_RZ_CNOT,none,circular,cnot,hamiltonian_local,12,4,4,44,48,12,52,1,0.02018889262288029,0.0008992846771094178,0.18052095423587705,0.07570822209294764,0.00012291042600271019,0.0
random_bp,expectation_value,same_entangling_gate_count,bcw_12q_random_bp,hea,RX_RY_RZ_CNOT,none,circular,cnot,hamiltonian_local,12,4,4,44,48,12,52,2,0.009783740505102624,0.0002665644023991268,0.09825330966595534,0.05225406330973704,0.00041569719511976976,0.0
random_bp,expectation_value,same_entangling_gate_count,bcw_12q_random_bp,hea,RX_RY_RZ_CNOT,none,circular,cnot,hamiltonian_local,12,4,4,44,48,12,52,3,0.0026432227867358173,4.928155976519976e-05,0.04306944191477598,0.037984365824646475,9.016990750003989e-19,0.3888888888888889
random_bp,expectation_value,same_entangling_gate_count,bcw_12q_random_bp,hea,RX_RY_RZ_CNOT,none,circular,cnot,hamiltonian_local,12,4,4,44,48,12,53,0,0.008135204747984882,0.00012744166210813235,0.06832780093287143,0.029983665893940616,0.0006238818350525776,0.0
random_bp,expectation_value,same_entangling_gate_count,bcw_12q_random_bp,hea,RX_RY_RZ_CNOT,none,circular,cnot,hamiltonian_local,12,4,4,44,48,12,53,1,0.012268386792538902,0.00039455430463435467,0.11951854263558884,0.06510304153669026,0.00023196187443116825,0.0
random_bp,expectation_value,same_entangling_gate_count,bcw_12q_random_bp,hea,RX_RY_RZ_CNOT,none,circular,cnot,hamiltonian_local,12,4,4,44,48,12,53,2,0.00607255360240929,6.182797730437595e-05,0.04757131864870515,0.019833147276173163,0.00015565887675608996,0.0
random_bp,expectation_value,same_entangling_gate_count,bcw_12q_random_bp,hea,RX_RY_RZ_CNOT,none,circular,cnot,hamiltonian_local,12,4,4,44,48,12,53,3,0.0030480191926800767,4.2644109510685615e-05,0.04044323401437235,0.026995997780067397,2.201372614622997e-18,0.3888888888888889
random_bp,expectation_value,same_entangling_gate_count,bcw_12q_random_bp,hea,RX_RY_RZ_CNOT,none,linear,cnot,local,12,8,8,88,88,11,54,0,0.005079077833281891,4.6177848102503524e-05,0.0411827684969817,0.015255882201924984,3.6001672442222805e-05,0.0
random_bp,expectation_value,same_entangling_gate_count,bcw_12q_random_bp,hea,RX_RY_RZ_CNOT,none,linear,cnot,local,12,8,8,88,88,11,54,1,0.005682907316512171,5.1941985393694237e-05,0.04333386592136382,0.016873378087877085,0.00040005206858934874,0.0
random_bp,expectation_value,same_entangling_gate_count,bcw_12q_random_bp,hea,RX_RY_RZ_CNOT,none,linear,cnot,local,12,8,8,88,88,11,54,2,0.004581122410005313,5.3327688808693995e-05,0.04400458659865714,0.030909423785831384,8.82240614693007e-05,0.0
random_bp,expectation_value,same_entangling_gate_count,bcw_12q_random_bp,hea,RX_RY_RZ_CNOT,none,linear,cnot,local,12,8,8,88,88,11,54,3,0.004641855240286641,4.180423888585787e-05,0.04024051466546894,0.021119912395322536,0.00027572536077671026,0.0
random_bp,expectation_value,same_entangling_gate_count,bcw_12q_random_bp,hea,RX_RY_RZ_CNOT,none,linear,cnot,local,12,8,8,88,88,11,54,4,0.005005976246338927,5.510841592776874e-05,0.04523366395775523,0.02508198783210401,4.037565778068088e-06,0.0
random_bp,expectation_value,same_entangling_gate_count,bcw_12q_random_bp,hea,RX_RY_RZ_CNOT,none,linear,cnot,local,12,8,8,88,88,11,54,5,0.004989748858807975,5.086072091082214e-05,0.04376993253275013,0.018386922610369918,0.00011842155941443987,0.0
random_bp,expectation_value,same_entangling_gate_count,bcw_12q_random_bp,hea,RX_RY_RZ_CNOT,none,linear,cnot,local,12,8,8,88,88,11,54,6,0.0031469718196475305,2.5390228355907276e-05,0.030318352882935554,0.014674587613512874,0.00010956866642776914,0.0
random_bp,expectation_value,same_entangling_gate_count,bcw_12q_random_bp,hea,RX_RY_RZ_CNOT,none,linear,cnot,local,12,8,8,88,88,11,54,7,0.0019129441474962084,8.404334962110992e-06,0.01741134509431327,0.008659020938872143,2.6525884544561574e-19,0.3333333333333333
random_bp,expectation_value,same_entangling_gate_count,bcw_12q_random_bp,hea,RX_RY_RZ_CNOT,none,linear,cnot,local,12,8,8,88,88,11,55,0,0.005443909607113226,6.955284525665442e-05,0.05004204442272217,0.02413984804987687,3.1221138467586035e-05,0.0
random_bp,expectation_value,same_entangling_gate_count,bcw_12q_random_bp,hea,RX_RY_RZ_CNOT,none,linear,cnot,local,12,8,8,88,88,11,55,1,0.005246102976396088,6.258690222851704e-05,0.04809660224511028,0.020833553289193424,0.0001559511560661549,0.0
random_bp,expectation_value,same_entangling_gate_count,bcw_12q_random_bp,hea,RX_RY_RZ_CNOT,none,linear,cnot,local,12,8,8,88,88,11,55,2,0.003933647508317989,2.3872212126507638e-05,0.029328208215688437,0.014083405852434762,0.0003745129322047351,0.0
random_bp,expectation_value,same_entangling_gate_count,bcw_12q_random_bp,hea,RX_RY_RZ_CNOT,none,linear,cnot,local,12,8,8,88,88,11,55,3,0.004241810773038363,4.110184806115065e-05,0.039252698027483955,0.019522510762170153,6.162329688456122e-05,0.0
random_bp,expectation_value,same_entangling_gate_count,bcw_12q_random_bp,hea,RX_RY_RZ_CNOT,none,linear,cnot,local,12,8,8,88,88,11,55,4,0.0035747375380813596,3.316692340352717e-05,0.03548555637034854,0.01980595264783651,2.744629236814531e-05,0.0
random_bp,expectation_value,same_entangling_gate_count,bcw_12q_random_bp,hea,RX_RY_RZ_CNOT,none,linear,cnot,local,12,8,8,88,88,11,55,5,0.003340303481670996,2.1422193472867575e-05,0.028535858986391206,0.013089109126539364,0.00035692207792551063,0.0
random_bp,expectation_value,same_entangling_gate_count,bcw_12q_random_bp,hea,RX_RY_RZ_CNOT,none,linear,cnot,local,12,8,8,88,88,11,55,6,0.004121708194267706,4.133840764621912e-05,0.03861325904284026,0.01928008377315442,1.1396243370252838e-05,0.0
random_bp,expectation_value,same_entangling_gate_count,bcw_12q_random_bp,hea,RX_RY_RZ_CNOT,none,linear,cnot,local,12,8,8,88,88,11,55,7,0.0024033682981122093,2.178404497590271e-05,0.028585547524397813,0.021556622714114123,1.497119980852308e-19,0.3333333333333333
random_bp,expectation_value,same_entangling_gate_count,bcw_12q_random_bp,hea,RX_RY_RZ_CNOT,none,linear,cnot,local,12,8,8,88,88,11,56,0,0.0037701625297893995,2.7601049282162883e-05,0.031652843747977756,0.012368687142789334,1.4270304557108954e-06,0.0
random_bp,expectation_value,same_entangling_gate_count,bcw_12q_random_bp,hea,RX_RY_RZ_CNOT,none,linear,cnot,local,12,8,8,88,88,11,56,1,0.0035660422454785973,2.6282409348878338e-05,0.030833751905145295,0.020008453319605164,1.4158631236273114e-06,0.0
random_bp,expectation_value,same_entangling_gate_count,bcw_12q_random_bp,hea,RX_RY_RZ_CNOT,none,linear,cnot,local,12,8,8,88,88,11,56,2,0.0030181224174167585,1.5349995148011957e-05,0.024939330796981886,0.010588546810471548,7.427181142188096e-05,0.0
random_bp,expectation_value,same_entangling_gate_count,bcw_12q_random_bp,hea,RX_RY_RZ_CNOT,none,linear,cnot,local,12,8,8,88,88,11,56,3,0.0032630247187677903,1.823001230363306e-05,0.025817104531155148,0.01191624616682431,0.00020822208813495088,0.0
random_bp,expectation_value,same_entangling_gate_count,bcw_12q_random_bp,hea,RX_RY_RZ_CNOT,none,linear,cnot,local,12,8,8,88,88,11,56,4,0.00345087299081595,1.965090556063047e-05,0.026597654066297438,0.009685943832254813,6.117299106456111e-05,0.0
random_bp,expectation_value,same_entangling_gate_count,bcw_12q_random_bp,hea,RX_RY_RZ_CNOT,none,linear,cnot,local,12,8,8,88,88,11,56,5,0.0034176845345878556,1.8423556479703283e-05,0.02599884891337705,0.009713440481233343,2.2262506676304535e-05,0.0
random_bp,expectation_value,same_entangling_gate_count,bcw_12q_random_bp,hea,RX_RY_RZ_CNOT,none,linear,cnot,local,12,8,8,88,88,11,56,6,0.00298570133515412,1.6316609079545278e-05,0.02526213543627636,0.011684907801324716,0.0001527231639895637,0.0
random_bp,expectation_value,same_entangling_gate_count,bcw_12q_random_bp,hea,RX_RY_RZ_CNOT,none,linear,cnot,local,12,8,8,88,88,11,56,7,0.0019906339719593614,1.5773355818199174e-05,0.025177177640170377,0.015567843675075174,9.755474584912206e-20,0.3333333333333333
random_bp,expectation_value,same_entangling_gate_count,bcw_12q_random_bp,hea,RX_RY_RZ_CNOT,none,circular,cnot,local,12,8,7,88,84,12,57,0,0.0023128141413682863,8.432740762492548e-06,0.018543950826514558,0.009006668467530695,5.617405812500768e-05,0.0
random_bp,expectation_value,same_entangling_gate_count,bcw_12q_random_bp,hea,RX_RY_RZ_CNOT,none,circular,cnot,local,12,8,7,88,84,12,57,1,0.0029418448633490536,1.1688266817223066e-05,0.020516148401995785,0.006943695008256715,4.7713358768315385e-05,0.0
random_bp,expectation_value,same_entangling_gate_count,bcw_12q_random_bp,hea,RX_RY_RZ_CNOT,none,circular,cnot,local,12,8,7,88,84,12,57,2,0.0023174845466003174,8.564452005761253e-06,0.01760527489547182,0.007805789271056655,0.00033525994542507934,0.0
random_bp,expectation_value,same_entangling_gate_count,bcw_12q_random_bp,hea,RX_RY_RZ_CNOT,none,circular,cnot,local,12,8,7,88,84,12,57,3,0.002065027491341768,6.986090267852967e-06,0.01597490260870765,0.0068822469652757255,4.33469854417797e-05,0.0
random_bp,expectation_value,same_entangling_gate_count,bcw_12q_random_bp,hea,RX_RY_RZ_CNOT,none,circular,cnot,local,12,8,7,88,84,12,57,4,0.002371904022966235,8.907504766785825e-06,0.018337259424609603,0.007607500775854029,0.00010883649465399416,0.0
random_bp,expectation_value,same_entangling_gate_count,bcw_12q_random_bp,hea,RX_RY_RZ_CNOT,none,circular,cnot,local,12,8,7,88,84,12,57,5,0.0023033664906394347,8.101566542555683e-06,0.017091510098646765,0.0071605855496956645,0.00011424727144013382,0.0
random_bp,expectation_value,same_entangling_gate_count,bcw_12q_random_bp,hea,RX_RY_RZ_CNOT,none,circular,cnot,local,12,8,7,88,84,12,57,6,0.001897018774218116,9.793921008498123e-06,0.018786568160848564,0.009314969745194294,5.090691798729708e-19,0.3333333333333333
random_bp,expectation_value,same_entangling_gate_count,bcw_12q_random_bp,hea,RX_RY_RZ_CNOT,none,circular,cnot,local,12,8,7,88,84,12,58,0,0.00173764456074088,4.89375587170043e-06,0.013302246215379943,0.005216492715801633,0.00015654332591448668,0.0
random_bp,expectation_value,same_entangling_gate_count,bcw_12q_random_bp,hea,RX_RY_RZ_CNOT,none,circular,cnot,local,12,8,7,88,84,12,58,1,0.0019908906891214586,6.207705541746764e-06,0.015020174193040123,0.005159711086292211,1.31488134608327e-05,0.0
random_bp,expectation_value,same_entangling_gate_count,bcw_12q_random_bp,hea,RX_RY_RZ_CNOT,none,circular,cnot,local,12,8,7,88,84,12,58,2,0.002176544263133235,6.814040116588094e-06,0.015777954625106762,0.005390886384451126,2.8863293463677036e-05,0.0
random_bp,expectation_value,same_entangling_gate_count,bcw_12q_random_bp,hea,RX_RY_RZ_CNOT,none,circular,cnot,local,12,8,7,88,84,12,58,3,0.00246773625677558,9.868880500757498e-06,0.01906539188791302,0.00876119913818099,0.00020508724173579204,0.0
random_bp,expectation_value,same_entangling_gate_count,bcw_12q_random_bp,hea,RX_RY_RZ_CNOT,none,circular,cnot,local,12,8,7,88,84,12,58,4,0.0027903624817996043,1.0732229876329357e-05,0.01997206402176245,0.008754861671581545,7.951868602504379e-05,0.0
random_bp,expectation_value,same_entangling_gate_count,bcw_12q_random_bp,hea,RX_RY_RZ_CNOT,none,circular,cnot,local,12,8,7,88,84,12,58,5,0.001959994646647576,6.312850564746126e-06,0.015076412740637066,0.006544464242480829,0.00020233960622048543,0.0
random_bp,expectation_value,same_entangling_gate_count,bcw_12q_random_bp,hea,RX_RY_RZ_CNOT,none,circular,cnot,local,12,8,7,88,84,12,58,6,0.0014562243252272218,5.998706154482325e-06,0.014697667745707065,0.008027807954593144,3.6002216034583046e-19,0.3333333333333333
random_bp,expectation_value,same_entangling_gate_count,bcw_12q_random_bp,hea,RX_RY_RZ_CNOT,none,circular,cnot,local,12,8,7,88,84,12,59,0,0.0015817413756384327,4.72051507977655e-06,0.013219600562220038,0.006179538879706818,7.341649283064584e-06,0.0
random_bp,expectation_value,same_entangling_gate_count,bcw_12q_random_bp,hea,RX_RY_RZ_CNOT,none,circular,cnot,local,12,8,7,88,84,12,59,1,0.001914788264794099,6.125467740922028e-06,0.015022846379723261,0.0071134996037479775,7.835821929500204e-05,0.0
random_bp,expectation_value,same_entangling_gate_count,bcw_12q_random_bp,hea,RX_RY_RZ_CNOT,none,circular,cnot,local,12,8,7,88,84,12,59,2,0.0021529719690142964,7.448510516355003e-06,0.01713629015743197,0.008971929659266154,0.0001450065884731227,0.0
random_bp,expectation_value,same_entangling_gate_count,bcw_12q_random_bp,hea,RX_RY_RZ_CNOT,none,circular,cnot,local,12,8,7,88,84,12,59,3,0.0021684472140761223,7.791776252098857e-06,0.017115563306134157,0.007275825443866797,0.0002787739778754755,0.0
random_bp,expectation_value,same_entangling_gate_count,bcw_12q_random_bp,hea,RX_RY_RZ_CNOT,none,circular,cnot,local,12,8,7,88,84,12,59,4,0.002825781250642213,1.1061188672598325e-05,0.02055289325790624,0.007753487677296094,0.00020973939162053073,0.0
random_bp,expectation_value,same_entangling_gate_count,bcw_12q_random_bp,hea,RX_RY_RZ_CNOT,none,circular,cnot,local,12,8,7,88,84,12,59,5,0.0025307696859417934,9.873987838853193e-06,0.018967853993274345,0.007793804167622775,1.4680992839400166e-05,0.0
random_bp,expectation_value,same_entangling_gate_count,bcw_12q_random_bp,hea,RX_RY_RZ_CNOT,none,circular,cnot,local,12,8,7,88,84,12,59,6,0.0015431767214921443,6.371314298248941e-06,0.01552365539587821,0.008369348440888151,1.2522760502321638e-19,0.3333333333333333
random_bp,expectation_value,same_entangling_gate_count,bcw_12q_random_bp,hea,RX_RY_RZ_CNOT,none,linear,cnot,global,12,8,8,88,88,11,60,0,0.007453324533085109,8.703651281001925e-05,0.05601055777478079,0.030894481589436112,0.0007403696883540433,0.0
random_bp,expectation_value,same_entangling_gate_count,bcw_12q_random_bp,hea,RX_RY_RZ_CNOT,none,linear,cnot,global,12,8,8,88,88,11,60,1,0.007408921825789189,9.090333531189681e-05,0.05776528231812119,0.02679318563539953,0.0003521470786360456,0.0
random_bp,expectation_value,same_entangling_gate_count,bcw_12q_random_bp,hea,RX_RY_RZ_CNOT,none,linear,cnot,global,12,8,8,88,88,11,60,2,0.006696056637903915,6.461523747133803e-05,0.04866209028079769,0.017487014988482548,0.0010007699904071672,0.0
random_bp,expectation_value,same_entangling_gate_count,bcw_12q_random_bp,hea,RX_RY_RZ_CNOT,none,linear,cnot,global,12,8,8,88,88,11,60,3,0.007189424063172422,8.804263860950498e-05,0.05893378725928879,0.026256296849097062,0.00034723272094077,0.0
random_bp,expectation_value,same_entangling_gate_count,bcw_12q_random_bp,hea,RX_RY_RZ_CNOT,none,linear,cnot,global,12,8,8,88,88,11,60,4,0.009304478077806991,0.00013481451472830406,0.06969776803615353,0.03236917422916997,0.0008879309849834649,0.0
random_bp,expectation_value,same_entangling_gate_count,bcw_12q_random_bp,hea,RX_RY_RZ_CNOT,none,linear,cnot,global,12,8,8,88,88,11,60,5,0.008524770889957902,0.00011550842870699244,0.06463212963034697,0.029807958369031093,0.0002311331091671507,0.0
random_bp,expectation_value,same_entangling_gate_count,bcw_12q_random_bp,hea,RX_RY_RZ_CNOT,none,linear,cnot,global,12,8,8,88,88,11,60,6,0.0063592541438918454,6.730407337704541e-05,0.04944664641773697,0.020478611712135563,2.025189739511521e-18,0.027777777777777776
random_bp,expectation_value,same_entangling_gate_count,bcw_12q_random_bp,hea,RX_RY_RZ_CNOT,none,linear,cnot,global,12,8,8,88,88,11,60,7,0.0029342093761883744,3.527974553006483e-05,0.037430430274748114,0.023441835823296963,2.168404344971009e-19,0.6666666666666666
random_bp,expectation_value,same_entangling_gate_count,bcw_12q_random_bp,hea,RX_RY_RZ_CNOT,none,linear,cnot,global,12,8,8,88,88,11,61,0,0.008342153437283775,0.00010328459215139233,0.061840166586636026,0.024777131512052047,0.00026973113901549535,0.0
random_bp,expectation_value,same_entangling_gate_count,bcw_12q_random_bp,hea,RX_RY_RZ_CNOT,none,linear,cnot,global,12,8,8,88,88,11,61,1,0.008127505715574846,0.00011369351838624225,0.0640145726250854,0.028091472111480373,9.917839622389189e-05,0.0
random_bp,expectation_value,same_entangling_gate_count,bcw_12q_random_bp,hea,RX_RY_RZ_CNOT,none,linear,cnot,global,12,8,8,88,88,11,61,2,0.01044679068277594,0.00014675995677693177,0.07389101074140958,0.0269568659148852,0.000333392917599859,0.0
random_bp,expectation_value,same_entangling_gate_count,bcw_12q_random_bp,hea,RX_RY_RZ_CNOT,none,linear,cnot,global,12,8,8,88,88,11,61,3,0.008257416883464616,0.00011021860433803055,0.06368327655855291,0.024552433345396543,5.022192351238037e-05,0.0
random_bp,expectation_value,same_entangling_gate_count,bcw_12q_random_bp,hea,RX_RY_RZ_CNOT,none,linear,cnot,global,12,8,8,88,88,11,61,4,0.00870202840359217,0.0001090086752874027,0.06269097090134501,0.02192794090855797,0.0006303660652378792,0.0
random_bp,expectation_value,same_entangling_gate_count,bcw_12q_random_bp,hea,RX_RY_RZ_CNOT,none,linear,cnot,global,12,8,8,88,88,11,61,5,0.010021557400891801,0.0001289698537555377,0.07142295220934969,0.02407993031862414,0.0007430482975027608,0.0
random_bp,expectation_value,same_entangling_gate_count,bcw_12q_random_bp,hea,RX_RY_RZ_CNOT,none,linear,cnot,global,12,8,8,88,88,11,61,6,0.008328508108079157,0.00011363477088999114,0.06411511785679626,0.02909407753479915,3.574808169629019e-18,0.027777777777777776
random_bp,expectation_value,same_entangling_gate_count,bcw_12q_random_bp,hea,RX_RY_RZ_CNOT,none,linear,cnot,global,12,8,8,88,88,11,61,7,0.003709756914306487,5.99423324145611e-05,0.04691303688817278,0.02262878941454645,0.0,0.6666666666666666
random_bp,expectation_value,same_entangling_gate_count,bcw_12q_random_bp,hea,RX_RY_RZ_CNOT,none,linear,cnot,global,12,8,8,88,88,11,62,0,0.0064487423362762294,6.049313542343376e-05,0.04826920864529211,0.023119662601142822,8.462791011485575e-05,0.0
random_bp,expectation_value,same_entangling_gate_count,bcw_12q_random_bp,hea,RX_RY_RZ_CNOT,none,linear,cnot,global,12,8,8,88,88,11,62,1,0.007573562993164134,0.00011824461560318163,0.06565025990494348,0.03149331540181147,0.00034044626170741474,0.0
random_bp,expectation_value,same_entangling_gate_count,bcw_12q_random_bp,hea,RX_RY_RZ_CNOT,none,linear,cnot,global,12,8,8,88,88,11,62,2,0.006634339249408466,7.111560471038313e-05,0.05137135367062851,0.021883272227616647,0.0005455291467789767,0.0
random_bp,expectation_value,same_entangling_gate_count,bcw_12q_random_bp,hea,RX_RY_RZ_CNOT,none,linear,cnot,global,12,8,8,88,88,11,62,3,0.008174000610053366,0.00010498179472211635,0.06191574125554952,0.025343894109371858,8.03798716812127e-05,0.0
random_bp,expectation_value,same_entangling_gate_count,bcw_12q_random_bp,hea,RX_RY_RZ_CNOT,none,linear,cnot,global,12,8,8,88,88,11,62,4,0.007598623511409923,9.548917227346266e-05,0.058959337534698224,0.02629139949287497,7.753369955993794e-05,0.0
random_bp,expectation_value,same_entangling_gate_count,bcw_12q_random_bp,hea,RX_RY_RZ_CNOT,none,linear,cnot,global,12,8,8,88,88,11,62,5,0.006405950299708679,7.798472612850531e-05,0.053279388500801626,0.022989110728855608,0.00040123549745201405,0.0
random_bp,expectation_value,same_entangling_gate_count,bcw_12q_random_bp,hea,RX_RY_RZ_CNOT,none,linear,cnot,global,12,8,8,88,88,11,62,6,0.009612029021866067,0.00013255254016802115,0.07039998898341655,0.025248462336903955,1.2558689108650714e-17,0.027777777777777776
random_bp,expectation_value,same_entangling_gate_count,bcw_12q_random_bp,hea,RX_RY_RZ_CNOT,none,linear,cnot,global,12,8,8,88,88,11,62,7,0.0018454442407162546,1.5503478100632476e-05,0.024685494636179008,0.01512034790408504,4.0277402421314127e-19,0.6666666666666666
random_bp,expectation_value,same_entangling_gate_count,bcw_12q_random_bp,hea,RX_RY_RZ_CNOT,none,circular,cnot,global,12,8,7,88,84,12,63,0,0.006759062435866993,6.777926943281067e-05,0.04956863077686131,0.018273428422312814,0.00040223980794758333,0.0
random_bp,expectation_value,same_entangling_gate_count,bcw_12q_random_bp,hea,RX_RY_RZ_CNOT,none,circular,cnot,global,12,8,7,88,84,12,63,1,0.008382108133098021,0.00010509347820926362,0.062000767247292636,0.02421567259747429,1.5544568530412587e-05,0.0
random_bp,expectation_value,same_entangling_gate_count,bcw_12q_random_bp,hea,RX_RY_RZ_CNOT,none,circular,cnot,global,12,8,7,88,84,12,63,2,0.008516648166652672,7.874046758929493e-05,0.057380235564581356,0.020221651667011394,0.0004389632237971401,0.0
random_bp,expectation_value,same_entangling_gate_count,bcw_12q_random_bp,hea,RX_RY_RZ_CNOT,none,circular,cnot,global,12,8,7,88,84,12,63,3,0.009796744127069993,0.00013621640292043366,0.07007401934926691,0.026094216665952217,0.00014018542873287779,0.0
random_bp,expectation_value,same_entangling_gate_count,bcw_12q_random_bp,hea,RX_RY_RZ_CNOT,none,circular,cnot,global,12,8,7,88,84,12,63,4,0.009058652965512245,0.00012626144155298977,0.06937585545807598,0.02428070760366746,0.00024323252587371945,0.0
random_bp,expectation_value,same_entangling_gate_count,bcw_12q_random_bp,hea,RX_RY_RZ_CNOT,none,circular,cnot,global,12,8,7,88,84,12,63,5,0.009362967964781572,0.00013915398211873124,0.07174558269334236,0.02602164166353742,0.0005952588497540368,0.0
random_bp,expectation_value,same_entangling_gate_count,bcw_12q_random_bp,hea,RX_RY_RZ_CNOT,none,circular,cnot,global,12,8,7,88,84,12,63,6,0.0021973305634395536,2.4279899860361317e-05,0.02980545841922796,0.017623410009438737,3.579540656110653e-19,0.6666666666666666
random_bp,expectation_value,same_entangling_gate_count,bcw_12q_random_bp,hea,RX_RY_RZ_CNOT,none,circular,cnot,global,12,8,7,88,84,12,64,0,0.008623176810782198,0.00012038960902761629,0.06583347870222157,0.02793135696953361,0.00018488839663043013,0.0
random_bp,expectation_value,same_entangling_gate_count,bcw_12q_random_bp,hea,RX_RY_RZ_CNOT,none,circular,cnot,global,12,8,7,88,84,12,64,1,0.008280455961409675,0.00010843119830715529,0.06282428929879517,0.02276472900239631,0.0002620457744193634,0.0
random_bp,expectation_value,same_entangling_gate_count,bcw_12q_random_bp,hea,RX_RY_RZ_CNOT,none,circular,cnot,global,12,8,7,88,84,12,64,2,0.00654060429090839,7.114894242295804e-05,0.0516393967649697,0.02142913029298109,0.00010879807488876556,0.0
random_bp,expectation_value,same_entangling_gate_count,bcw_12q_random_bp,hea,RX_RY_RZ_CNOT,none,circular,cnot,global,12,8,7,88,84,12,64,3,0.008448739132457425,0.00010171592802959559,0.06354271760929148,0.027247502156605444,9.248135822492037e-06,0.0
random_bp,expectation_value,same_entangling_gate_count,bcw_12q_random_bp,hea,RX_RY_RZ_CNOT,none,circular,cnot,global,12,8,7,88,84,12,64,4,0.00984892550198848,0.00013346110208035424,0.06944369954351501,0.024534600107928926,0.0003428794481485035,0.0
random_bp,expectation_value,same_entangling_gate_count,bcw_12q_random_bp,hea,RX_RY_RZ_CNOT,none,circular,cnot,global,12,8,7,88,84,12,64,5,0.010226196067629569,0.00013409358079626314,0.07107760141800631,0.022070579386088855,0.0001932359625136367,0.0
random_bp,expectation_value,same_entangling_gate_count,bcw_12q_random_bp,hea,RX_RY_RZ_CNOT,none,circular,cnot,global,12,8,7,88,84,12,64,6,0.004601849358196501,0.00010327146029212501,0.06098645063464802,0.038464104362277374,0.0,0.6666666666666666
random_bp,expectation_value,same_entangling_gate_count,bcw_12q_random_bp,hea,RX_RY_RZ_CNOT,none,circular,cnot,global,12,8,7,88,84,12,65,0,0.006451042900454899,5.567547359854142e-05,0.04480077014728715,0.013310874855787726,0.0004254114104464568,0.0
random_bp,expectation_value,same_entangling_gate_count,bcw_12q_random_bp,hea,RX_RY_RZ_CNOT,none,circular,cnot,global,12,8,7,88,84,12,65,1,0.008526867937031567,0.00011692924561809285,0.06502010970425903,0.02713020747041655,0.00019616743922866615,0.0
random_bp,expectation_value,same_entangling_gate_count,bcw_12q_random_bp,hea,RX_RY_RZ_CNOT,none,circular,cnot,global,12,8,7,88,84,12,65,2,0.010057349301663214,0.00013603995612844437,0.07149567792363867,0.025039492374728523,0.0003673944297774524,0.0
random_bp,expectation_value,same_entangling_gate_count,bcw_12q_random_bp,hea,RX_RY_RZ_CNOT,none,circular,cnot,global,12,8,7,88,84,12,65,3,0.00681438183657031,6.725727136389884e-05,0.049352509479424087,0.016041803673265832,0.000273704559620439,0.0
random_bp,expectation_value,same_entangling_gate_count,bcw_12q_random_bp,hea,RX_RY_RZ_CNOT,none,circular,cnot,global,12,8,7,88,84,12,65,4,0.007132875243033288,7.393004005201649e-05,0.0536579231032774,0.022389010376801848,0.00010422520842746572,0.0
random_bp,expectation_value,same_entangling_gate_count,bcw_12q_random_bp,hea,RX_RY_RZ_CNOT,none,circular,cnot,global,12,8,7,88,84,12,65,5,0.010390226148501908,0.00015977149129516326,0.07597351848681942,0.03137303366821823,0.0003128289806638297,0.0
random_bp,expectation_value,same_entangling_gate_count,bcw_12q_random_bp,hea,RX_RY_RZ_CNOT,none,circular,cnot,global,12,8,7,88,84,12,65,6,0.0032190578241635633,4.174638615432345e-05,0.03961098329471475,0.021539162696525237,9.626966949002251e-20,0.6666666666666666
random_bp,expectation_value,same_entangling_gate_count,bcw_12q_random_bp,hea,RX_RY_RZ_CNOT,none,linear,cnot,hamiltonian_local,12,8,8,88,88,11,66,0,0.005312828248958089,4.34204442014084e-05,0.04000371839104928,0.016744651348015446,0.00011136038114986256,0.0
random_bp,expectation_value,same_entangling_gate_count,bcw_12q_random_bp,hea,RX_RY_RZ_CNOT,none,linear,cnot,hamiltonian_local,12,8,8,88,88,11,66,1,0.0051620801938063645,3.756671910449592e-05,0.03892945632414282,0.015354813627372236,2.2616957103038793e-05,0.0
random_bp,expectation_value,same_entangling_gate_count,bcw_12q_random_bp,hea,RX_RY_RZ_CNOT,none,linear,cnot,hamiltonian_local,12,8,8,88,88,11,66,2,0.00471715092556628,3.653089032691276e-05,0.036306944537674336,0.016940087512763477,0.00043138979677479817,0.0
random_bp,expectation_value,same_entangling_gate_count,bcw_12q_random_bp,hea,RX_RY_RZ_CNOT,none,linear,cnot,hamiltonian_local,12,8,8,88,88,11,66,3,0.00439589575396452,3.2276674931221643e-05,0.03433005116158737,0.015701913283094754,1.0114508418059259e-05,0.0
random_bp,expectation_value,same_entangling_gate_count,bcw_12q_random_bp,hea,RX_RY_RZ_CNOT,none,linear,cnot,hamiltonian_local,12,8,8,88,88,11,66,4,0.005768953666227439,5.912712786075709e-05,0.04634971665421133,0.01801584539881146,6.842806714503011e-05,0.0
random_bp,expectation_value,same_entangling_gate_count,bcw_12q_random_bp,hea,RX_RY_RZ_CNOT,none,linear,cnot,hamiltonian_local,12,8,8,88,88,11,66,5,0.004057897260749683,3.0314027696181555e-05,0.03367165391898214,0.01831351209985903,0.00012889784729410185,0.0
random_bp,expectation_value,same_entangling_gate_count,bcw_12q_random_bp,hea,RX_RY_RZ_CNOT,none,linear,cnot,hamiltonian_local,12,8,8,88,88,11,66,6,0.005077179195315777,5.906610541495634e-05,0.04615759360772445,0.020783278527823336,8.629006312058493e-18,0.027777777777777776
random_bp,expectation_value,same_entangling_gate_count,bcw_12q_random_bp,hea,RX_RY_RZ_CNOT,none,linear,cnot,hamiltonian_local,12,8,8,88,88,11,66,7,0.0010387992693775196,3.7415395061818013e-06,0.011606079972175502,0.007312442618137034,1.4102670601273526e-20,0.3888888888888889
random_bp,expectation_value,same_entangling_gate_count,bcw_12q_random_bp,hea,RX_RY_RZ_CNOT,none,linear,cnot,hamiltonian_local,12,8,8,88,88,11,67,0,0.005461191049404868,5.422997146305715e-05,0.04451877709439648,0.02025511538823746,7.323760027039619e-06,0.0
random_bp,expectation_value,same_entangling_gate_count,bcw_12q_random_bp,hea,RX_RY_RZ_CNOT,none,linear,cnot,hamiltonian_local,12,8,8,88,88,11,67,1,0.006752096202736724,7.408547882308866e-05,0.0521011468682167,0.022684869470577195,0.0004395620497962688,0.0
random_bp,expectation_value,same_entangling_gate_count,bcw_12q_random_bp,hea,RX_RY_RZ_CNOT,none,linear,cnot,hamiltonian_local,12,8,8,88,88,11,67,2,0.004474872741852541,3.0509874932583105e-05,0.03330343438880402,0.012993218414362752,1.340215128099176e-05,0.0
random_bp,expectation_value,same_entangling_gate_count,bcw_12q_random_bp,hea,RX_RY_RZ_CNOT,none,linear,cnot,hamiltonian_local,12,8,8,88,88,11,67,3,0.005318422186265077,3.4017370938612695e-05,0.03741671447263004,0.013527207859854356,0.0005843158787084768,0.0
random_bp,expectation_value,same_entangling_gate_count,bcw_12q_random_bp,hea,RX_RY_RZ_CNOT,none,linear,cnot,hamiltonian_local,12,8,8,88,88,11,67,4,0.00631738828055549,6.466948276218621e-05,0.048702260211775525,0.01957583705648331,0.0002842942152474024,0.0
random_bp,expectation_value,same_entangling_gate_count,bcw_12q_random_bp,hea,RX_RY_RZ_CNOT,none,linear,cnot,hamiltonian_local,12,8,8,88,88,11,67,5,0.007480694383187347,8.102502267304002e-05,0.05407537340066423,0.0187085456123909,0.0004897031588461161,0.0
random_bp,expectation_value,same_entangling_gate_count,bcw_12q_random_bp,hea,RX_RY_RZ_CNOT,none,linear,cnot,hamiltonian_local,12,8,8,88,88,11,67,6,0.004223051368978863,3.331536688909408e-05,0.03495321424248775,0.014961157378796741,5.663466524440984e-19,0.027777777777777776
random_bp,expectation_value,same_entangling_gate_count,bcw_12q_random_bp,hea,RX_RY_RZ_CNOT,none,linear,cnot,hamiltonian_local,12,8,8,88,88,11,67,7,0.0015911227925468744,8.169590165748403e-06,0.017170690246366162,0.009372352751214027,1.526079943496701e-18,0.3888888888888889
random_bp,expectation_value,same_entangling_gate_count,bcw_12q_random_bp,hea,RX_RY_RZ_CNOT,none,linear,cnot,hamiltonian_local,12,8,8,88,88,11,68,0,0.004498820443664833,3.321487969954174e-05,0.03458799301626616,0.013838006551064607,3.6909061614521545e-05,0.0
random_bp,expectation_value,same_entangling_gate_count,bcw_12q_random_bp,hea,RX_RY_RZ_CNOT,none,linear,cnot,hamiltonian_local,12,8,8,88,88,11,68,1,0.006945443176298285,6.695040974150146e-05,0.04984240628893364,0.017380739998837862,0.00048116969172601646,0.0
random_bp,expectation_value,same_entangling_gate_count,bcw_12q_random_bp,hea,RX_RY_RZ_CNOT,none,linear,cnot,hamiltonian_local,12,8,8,88,88,11,68,2,0.006994226744389612,6.317005550561655e-05,0.0509100210412627,0.018954545013522655,0.0009307085153699295,0.0
random_bp,expectation_value,same_entangling_gate_count,bcw_12q_random_bp,hea,RX_RY_RZ_CNOT,none,linear,cnot,hamiltonian_local,12,8,8,88,88,11,68,3,0.0056185854395344945,4.77838453058442e-05,0.04335407878374918,0.019438156273954402,3.442535771826932e-05,0.0
random_bp,expectation_value,same_entangling_gate_count,bcw_12q_random_bp,hea,RX_RY_RZ_CNOT,none,linear,cnot,hamiltonian_local,12,8,8,88,88,11,68,4,0.0044138877731913755,3.0538311814260675e-05,0.03317592232007061,0.012886028355587237,0.0003570415359896205,0.0
random_bp,expectation_value,same_entangling_gate_count,bcw_12q_random_bp,hea,RX_RY_RZ_CNOT,none,linear,cnot,hamiltonian_local,12,8,8,88,88,11,68,5,0.005833851171505412,4.889909524268877e-05,0.04289074174928592,0.0178372812281905,0.00038567591295166374,0.0
random_bp,expectation_value,same_entangling_gate_count,bcw_12q_random_bp,hea,RX_RY_RZ_CNOT,none,linear,cnot,hamiltonian_local,12,8,8,88,88,11,68,6,0.005206307789773073,4.768987273661259e-05,0.04326035258362032,0.016820336324385794,1.1897123643013565e-17,0.027777777777777776
random_bp,expectation_value,same_entangling_gate_count,bcw_12q_random_bp,hea,RX_RY_RZ_CNOT,none,linear,cnot,hamiltonian_local,12,8,8,88,88,11,68,7,0.0018659328156901615,1.39622898526521e-05,0.023346445779352278,0.016351530401097915,3.686287386450715e-18,0.4166666666666667
random_bp,expectation_value,same_entangling_gate_count,bcw_12q_random_bp,hea,RX_RY_RZ_CNOT,none,circular,cnot,hamiltonian_local,12,8,7,88,84,12,69,0,0.0027663524923095106,1.3788504612383809e-05,0.02252737734868701,0.009885324648971346,6.407810665669885e-05,0.0
random_bp,expectation_value,same_entangling_gate_count,bcw_12q_random_bp,hea,RX_RY_RZ_CNOT,none,circular,cnot,hamiltonian_local,12,8,7,88,84,12,69,1,0.0025677094058425046,1.0655282119059077e-05,0.01959207430768692,0.007292256023453852,5.109230211932216e-05,0.0
random_bp,expectation_value,same_entangling_gate_count,bcw_12q_random_bp,hea,RX_RY_RZ_CNOT,none,circular,cnot,hamiltonian_local,12,8,7,88,84,12,69,2,0.004034532990505685,3.396803092463073e-05,0.03499252663719131,0.02398305730127548,6.485890173684979e-05,0.0
random_bp,expectation_value,same_entangling_gate_count,bcw_12q_random_bp,hea,RX_RY_RZ_CNOT,none,circular,cnot,hamiltonian_local,12,8,7,88,84,12,69,3,0.004198643285983886,2.5567099664247176e-05,0.03034059223945521,0.01227732822412195,0.0001579864732644998,0.0
random_bp,expectation_value,same_entangling_gate_count,bcw_12q_random_bp,hea,RX_RY_RZ_CNOT,none,circular,cnot,hamiltonian_local,12,8,7,88,84,12,69,4,0.0031794961986770574,1.2392082455314414e-05,0.023293405601779924,0.010635983570085222,0.00060979297763336,0.0
random_bp,expectation_value,same_entangling_gate_count,bcw_12q_random_bp,hea,RX_RY_RZ_CNOT,none,circular,cnot,hamiltonian_local,12,8,7,88,84,12,69,5,0.004219134832920039,3.2133639488534005e-05,0.03430645848335654,0.015141633399283799,4.6296514553628145e-05,0.0
random_bp,expectation_value,same_entangling_gate_count,bcw_12q_random_bp,hea,RX_RY_RZ_CNOT,none,circular,cnot,hamiltonian_local,12,8,7,88,84,12,69,6,0.001908677032117302,8.461957269130086e-06,0.01824227020049886,0.009355334775538952,3.616945208185429e-19,0.3888888888888889
random_bp,expectation_value,same_entangling_gate_count,bcw_12q_random_bp,hea,RX_RY_RZ_CNOT,none,circular,cnot,hamiltonian_local,12,8,7,88,84,12,70,0,0.004524258352985849,3.738397914127058e-05,0.036746109468346534,0.023818655347060954,0.00023863770918736832,0.0
random_bp,expectation_value,same_entangling_gate_count,bcw_12q_random_bp,hea,RX_RY_RZ_CNOT,none,circular,cnot,hamiltonian_local,12,8,7,88,84,12,70,1,0.0037372628851002937,2.4792949589939523e-05,0.030038682363258486,0.014224938127160075,0.00031689019782192877,0.0
random_bp,expectation_value,same_entangling_gate_count,bcw_12q_random_bp,hea,RX_RY_RZ_CNOT,none,circular,cnot,hamiltonian_local,12,8,7,88,84,12,70,2,0.0036729667395464932,2.072697576782476e-05,0.02983237176515569,0.011981348291737704,4.045844814652244e-05,0.0
random_bp,expectation_value,same_entangling_gate_count,bcw_12q_random_bp,hea,RX_RY_RZ_CNOT,none,circular,cnot,hamiltonian_local,12,8,7,88,84,12,70,3,0.0035278786293470085,2.9169206322682885e-05,0.032420905978442896,0.01998479761733544,4.1185401787111455e-05,0.0
random_bp,expectation_value,same_entangling_gate_count,bcw_12q_random_bp,hea,RX_RY_RZ_CNOT,none,circular,cnot,hamiltonian_local,12,8,7,88,84,12,70,4,0.005442447128468207,5.0898021547646764e-05,0.04370577111924714,0.022516885024154158,3.329531597743413e-05,0.0
random_bp,expectation_value,same_entangling_gate_count,bcw_12q_random_bp,hea,RX_RY_RZ_CNOT,none,circular,cnot,hamiltonian_local,12,8,7,88,84,12,70,5,0.0037771329349544167,3.031210092274513e-05,0.033045840283273946,0.01715548467320427,0.00012953613722035615,0.0
random_bp,expectation_value,same_entangling_gate_count,bcw_12q_random_bp,hea,RX_RY_RZ_CNOT,none,circular,cnot,hamiltonian_local,12,8,7,88,84,12,70,6,0.0012572471376122456,4.721031663805546e-06,0.013135798698282653,0.007580781166957762,0.0,0.3888888888888889
random_bp,expectation_value,same_entangling_gate_count,bcw_12q_random_bp,hea,RX_RY_RZ_CNOT,none,circular,cnot,hamiltonian_local,12,8,7,88,84,12,71,0,0.0032817496259008126,2.089808610332354e-05,0.029747309202584997,0.01574893893614804,2.3677489873405455e-05,0.0
random_bp,expectation_value,same_entangling_gate_count,bcw_12q_random_bp,hea,RX_RY_RZ_CNOT,none,circular,cnot,hamiltonian_local,12,8,7,88,84,12,71,1,0.005386579502808683,4.268837938005044e-05,0.039253769423769264,0.012878638397245934,0.00013511769466680073,0.0
random_bp,expectation_value,same_entangling_gate_count,bcw_12q_random_bp,hea,RX_RY_RZ_CNOT,none,circular,cnot,hamiltonian_local,12,8,7,88,84,12,71,2,0.004012883340442847,2.2683875430522615e-05,0.02890224103276383,0.010374072132888112,0.0003205636095582583,0.0
random_bp,expectation_value,same_entangling_gate_count,bcw_12q_random_bp,hea,RX_RY_RZ_CNOT,none,circular,cnot,hamiltonian_local,12,8,7,88,84,12,71,3,0.005738731027017353,5.4254678451373037e-05,0.044280093735702505,0.01689194331798521,4.232980909129352e-05,0.0
random_bp,expectation_value,same_entangling_gate_count,bcw_12q_random_bp,hea,RX_RY_RZ_CNOT,none,circular,cnot,hamiltonian_local,12,8,7,88,84,12,71,4,0.0033732188029347177,2.0713098620715594e-05,0.027465769063697548,0.012219820360077564,5.294643744093493e-05,0.0
random_bp,expectation_value,same_entangling_gate_count,bcw_12q_random_bp,hea,RX_RY_RZ_CNOT,none,circular,cnot,hamiltonian_local,12,8,7,88,84,12,71,5,0.0033306468254024942,1.756985129190813e-05,0.025519986208838955,0.01152214044018837,0.00020423081558534705,0.0
random_bp,expectation_value,same_entangling_gate_count,bcw_12q_random_bp,hea,RX_RY_RZ_CNOT,none,circular,cnot,hamiltonian_local,12,8,7,88,84,12,71,6,0.0016369752539622823,9.898811014003832e-06,0.01892257505323193,0.012127338342048774,8.528850637339206e-19,0.3888888888888889
