benchmark_mode,objective_type,budget_normalization,experiment_group,dataset_name,target_mode,batch_id,fixed_batch_seed,batch_size,batch_class_counts,ansatz_type,gate_set,encoding_type,feature_map,entanglement_topology,entangler_type,loss_type,readout_type,n_qubits,reference_depth,depth,target_entangling_budget,actual_entangling_budget,gates_per_layer,run_id,seed,hilbert_dim,n_params,n_entangling_gates,objective_value,loss_value,mean_abs_grad,spatial_grad_variance,log10_spatial_grad_variance,grad_norm,normalized_grad_norm,max_abs_grad,min_abs_grad,near_zero_ratio,target_grad,batch_accuracy,mean_pred_probability,std_pred_probability
task_aware_bp,supervised_loss,same_depth,parkinsons_8q_task_aware,parkinsons,binary_subset,0,42,16,"{0: 4, 1: 12}",hea,RX_RY_RZ_CNOT,angle,ry_angle,linear,cnot,binary_cross_entropy,single_qubit_z,8,1,1,7,7,7,0,0,256,24,7,1.1798674110562124,1.1798674110562124,0.05758943755529721,0.042286232997217565,-1.3738010015731115,1.0100976832885225,0.20618532620202393,0.8715349560464866,1.2082638128697192e-18,0.9166666666666666,-0.8715349560464866,0.25,0.28122752712416765,0.10292014779442966
task_aware_bp,supervised_loss,same_depth,parkinsons_8q_task_aware,parkinsons,binary_subset,0,42,16,"{0: 4, 1: 12}",hea,RX_RY_RZ_CNOT,angle,ry_angle,linear,cnot,binary_cross_entropy,single_qubit_z,8,1,1,7,7,7,1,1,256,24,7,0.5662651140340063,0.5662651140340063,0.013379835954051579,0.003528160779263471,-2.452451632169492,0.2982823141691427,0.06088662241757871,0.2973326197696735,2.981555974335137e-19,0.9166666666666666,-0.02378344312755993,0.875,0.684854926241293,0.3157210868479592
task_aware_bp,supervised_loss,same_depth,parkinsons_8q_task_aware,parkinsons,binary_subset,0,42,16,"{0: 4, 1: 12}",hea,RX_RY_RZ_CNOT,angle,ry_angle,linear,cnot,binary_cross_entropy,single_qubit_z,8,1,1,7,7,7,2,2,256,24,7,0.858931777628144,0.858931777628144,0.04023520802506974,0.017947706399144295,-1.7459910435670027,0.6852721216678512,0.13988058608672232,0.5238270988889331,4.1523586760627614e-18,0.9166666666666666,0.4418178937127403,0.1875,0.4503084798019349,0.09974591351160277
task_aware_bp,supervised_loss,same_depth,parkinsons_8q_task_aware,parkinsons,binary_subset,0,42,16,"{0: 4, 1: 12}",hea,RX_RY_RZ_CNOT,angle,ry_angle,linear,cnot,binary_cross_entropy,single_qubit_z,8,1,1,7,7,7,3,3,256,24,7,0.4945288970571713,0.4945288970571713,0.01465768481480735,0.004608660212419783,-2.3364253103851174,0.3391725220199879,0.0692333011434885,0.33892880131630965,4.564917239607249e-19,0.9166666666666666,-0.012855634239066147,0.75,0.7819341163592561,0.1328322920726571
task_aware_bp,supervised_loss,same_depth,parkinsons_8q_task_aware,parkinsons,binary_subset,0,42,16,"{0: 4, 1: 12}",hea,RX_RY_RZ_CNOT,angle,ry_angle,linear,cnot,binary_cross_entropy,single_qubit_z,8,1,1,7,7,7,4,4,256,24,7,2.188192527681125,2.188192527681125,0.004614916462299741,0.00044015896838153805,-3.3563904448268254,0.10472132549821794,0.021376151054878615,0.10453634326190214,8.984997279206557e-16,0.9166666666666666,0.10453634326190214,0.3125,0.38755436703581764,0.33477535952686616
task_aware_bp,supervised_loss,same_depth,parkinsons_8q_task_aware,parkinsons,binary_subset,0,42,16,"{0: 4, 1: 12}",hea,RX_RY_RZ_CNOT,angle,ry_angle,linear,cnot,binary_cross_entropy,single_qubit_z,8,2,2,14,14,7,5,0,256,48,14,0.7600091997827166,0.7600091997827166,0.031095053233093552,0.0105017616621717,-1.978737842264751,0.7106449446926701,0.10257276252913997,0.45189357607623637,9.824537940678685e-19,0.8333333333333334,-0.41802635438140134,0.4375,0.4465637344952885,0.09942183490485261
task_aware_bp,supervised_loss,same_depth,parkinsons_8q_task_aware,parkinsons,binary_subset,0,42,16,"{0: 4, 1: 12}",hea,RX_RY_RZ_CNOT,angle,ry_angle,linear,cnot,binary_cross_entropy,single_qubit_z,8,2,2,14,14,7,6,1,256,48,14,0.5571854746345288,0.5571854746345288,0.013046639773058831,0.0038092232953394613,-2.419163568401968,0.4282760472336137,0.06181632278944894,0.3884286036938834,1.7618285302889447e-19,0.8333333333333334,-0.03281433082175912,0.625,0.6814699931922208,0.12254852347606894
task_aware_bp,supervised_loss,same_depth,parkinsons_8q_task_aware,parkinsons,binary_subset,0,42,16,"{0: 4, 1: 12}",hea,RX_RY_RZ_CNOT,angle,ry_angle,linear,cnot,binary_cross_entropy,single_qubit_z,8,2,2,14,14,7,7,2,256,48,14,0.5735225468199416,0.5735225468199416,0.01326794461777985,0.0024815618311041132,-2.6052748993613637,0.35716216051432453,0.0515519173793234,0.2564213063068177,3.3962676515740276e-19,0.8333333333333334,-0.2564213063068177,0.875,0.5794238433831869,0.05397419933280844
task_aware_bp,supervised_loss,same_depth,parkinsons_8q_task_aware,parkinsons,binary_subset,0,42,16,"{0: 4, 1: 12}",hea,RX_RY_RZ_CNOT,angle,ry_angle,linear,cnot,binary_cross_entropy,single_qubit_z,8,2,2,14,14,7,8,3,256,48,14,0.5512097398307383,0.5512097398307383,0.01947586095564263,0.00435401964572902,-2.361109615714663,0.4590367946358141,0.06625625423773256,0.40030259510957317,1.1384122811097797e-18,0.8333333333333334,-0.018266783751168712,0.6875,0.7875630186084825,0.14506127561775164
task_aware_bp,supervised_loss,same_depth,parkinsons_8q_task_aware,parkinsons,binary_subset,0,42,16,"{0: 4, 1: 12}",hea,RX_RY_RZ_CNOT,angle,ry_angle,linear,cnot,binary_cross_entropy,single_qubit_z,8,2,2,14,14,7,9,4,256,48,14,2.1576826414714425,2.1576826414714425,0.03415989555683317,0.041716028398869,-1.3796970455609519,1.4344722572712607,0.20704823597015312,1.4274020278991972,6.212772301978145e-17,0.8333333333333334,0.13640956773975613,0.3125,0.3896312955788299,0.3356535995696935
task_aware_bp,supervised_loss,same_depth,parkinsons_8q_task_aware,parkinsons,binary_subset,0,42,16,"{0: 4, 1: 12}",hea,RX_RY_RZ_CNOT,angle,ry_angle,linear,cnot,binary_cross_entropy,single_qubit_z,8,4,4,28,28,7,10,0,256,96,28,0.5734748894309865,0.5734748894309865,0.015811560431576218,0.001794254928135358,-2.746115852252368,0.4216141371648174,0.04303081268323334,0.2203874355256015,3.844050282129024e-19,0.6979166666666666,-0.16231927367381163,0.625,0.4999781323354506,0.23028363270308566
task_aware_bp,supervised_loss,same_depth,parkinsons_8q_task_aware,parkinsons,binary_subset,0,42,16,"{0: 4, 1: 12}",hea,RX_RY_RZ_CNOT,angle,ry_angle,linear,cnot,binary_cross_entropy,single_qubit_z,8,4,4,28,28,7,11,1,256,96,28,0.7472405615135644,0.7472405615135644,0.029960789966805724,0.004457431790051355,-2.350915293902683,0.6603543578911227,0.0673971344273532,0.22005351863126346,3.346881674411998e-20,0.6979166666666666,0.20936008215868973,0.3125,0.47784347651601966,0.09813947402386383
task_aware_bp,supervised_loss,same_depth,parkinsons_8q_task_aware,parkinsons,binary_subset,0,42,16,"{0: 4, 1: 12}",hea,RX_RY_RZ_CNOT,angle,ry_angle,linear,cnot,binary_cross_entropy,single_qubit_z,8,4,4,28,28,7,12,2,256,96,28,0.7607217305941945,0.7607217305941945,0.019008071666401324,0.0030082233156707616,-2.5216899270020674,0.5412566344288872,0.05524177392695431,0.32816299593800585,9.439021312439904e-21,0.6979166666666666,0.2905827161324524,0.3125,0.47002450255959716,0.06216890843123187
task_aware_bp,supervised_loss,same_depth,parkinsons_8q_task_aware,parkinsons,binary_subset,0,42,16,"{0: 4, 1: 12}",hea,RX_RY_RZ_CNOT,angle,ry_angle,linear,cnot,binary_cross_entropy,single_qubit_z,8,4,4,28,28,7,13,3,256,96,28,0.7735463098961386,0.7735463098961386,0.01759000034871996,0.0026113183776812414,-2.583140174810257,0.5073573315085396,0.05178194081066718,0.336257374947134,4.951333151120207e-20,0.6979166666666666,-0.031011402969022047,0.4375,0.4446595466402888,0.05483418432836184
task_aware_bp,supervised_loss,same_depth,parkinsons_8q_task_aware,parkinsons,binary_subset,0,42,16,"{0: 4, 1: 12}",hea,RX_RY_RZ_CNOT,angle,ry_angle,linear,cnot,binary_cross_entropy,single_qubit_z,8,4,4,28,28,7,14,4,256,96,28,1.0508575711002668,1.0508575711002668,0.030932574077725372,0.00754045766443314,-2.1226022940366054,0.8571778093064055,0.08748534381822481,0.5470776810488964,2.3488613620118567e-20,0.6979166666666666,-0.04834962512471198,0.25,0.3637041299467097,0.15470937646023938
task_aware_bp,supervised_loss,same_depth,parkinsons_8q_task_aware,parkinsons,binary_subset,0,42,16,"{0: 4, 1: 12}",hea,RX_RY_RZ_CNOT,angle,ry_angle,linear,cnot,binary_cross_entropy,single_qubit_z,8,8,8,56,56,7,15,0,256,192,56,0.5651744283393545,0.5651744283393545,0.009726945284340949,0.0005414850284121403,-3.2664135467355773,0.3253824667876465,0.02348245684867902,0.1385065951974137,9.120599918318162e-20,0.4427083333333333,-0.08639732810243586,0.6875,0.5187738283850823,0.166126278427009
task_aware_bp,supervised_loss,same_depth,parkinsons_8q_task_aware,parkinsons,binary_subset,0,42,16,"{0: 4, 1: 12}",hea,RX_RY_RZ_CNOT,angle,ry_angle,linear,cnot,binary_cross_entropy,single_qubit_z,8,8,8,56,56,7,16,1,256,192,56,0.669889481842256,0.669889481842256,0.009818998029584152,0.00034455249430752474,-3.4627446017641725,0.2573659639866672,0.018573788573493732,0.08398973258358515,1.1418321603631328e-19,0.4427083333333333,-0.050967165672219615,0.5,0.5172141949325799,0.030313029764470974
task_aware_bp,supervised_loss,same_depth,parkinsons_8q_task_aware,parkinsons,binary_subset,0,42,16,"{0: 4, 1: 12}",hea,RX_RY_RZ_CNOT,angle,ry_angle,linear,cnot,binary_cross_entropy,single_qubit_z,8,8,8,56,56,7,17,2,256,192,56,0.5995439907468454,0.5995439907468454,0.011105294944977176,0.0003672734104429201,-3.4350105122098826,0.26562955251326065,0.01917016170603136,0.0704685200578896,9.317362419797304e-20,0.4427083333333333,-0.06030553288285917,0.8125,0.5573980791511354,0.08305108286309594
task_aware_bp,supervised_loss,same_depth,parkinsons_8q_task_aware,parkinsons,binary_subset,0,42,16,"{0: 4, 1: 12}",hea,RX_RY_RZ_CNOT,angle,ry_angle,linear,cnot,binary_cross_entropy,single_qubit_z,8,8,8,56,56,7,18,3,256,192,56,0.6683398162458964,0.6683398162458964,0.010827273154432255,0.00040136507367606063,-3.396460422007241,0.2784342652849061,0.02009426225173203,0.07463840357245875,1.0998153298350254e-19,0.4427083333333333,-0.02131238031074653,0.8125,0.5112373769507308,0.013582266620480564
task_aware_bp,supervised_loss,same_depth,parkinsons_8q_task_aware,parkinsons,binary_subset,0,42,16,"{0: 4, 1: 12}",hea,RX_RY_RZ_CNOT,angle,ry_angle,linear,cnot,binary_cross_entropy,single_qubit_z,8,8,8,56,56,7,19,4,256,192,56,0.9100520188482675,0.9100520188482675,0.020178850687754112,0.0017654502966993595,-2.753144504763617,0.5850995312567127,0.04222592148422336,0.21571808817162208,4.357051470795187e-20,0.4427083333333333,-0.08540870060158845,0.25,0.38857589103432744,0.10845823310788347
