benchmark_mode,objective_type,budget_normalization,experiment_group,dataset_name,target_mode,batch_id,fixed_batch_seed,batch_size,batch_class_counts,ansatz_type,gate_set,encoding_type,feature_map,entanglement_topology,entangler_type,loss_type,readout_type,n_qubits,reference_depth,depth,target_entangling_budget,actual_entangling_budget,gates_per_layer,run_id,layer_id,layer_mean_abs_grad,layer_spatial_grad_variance,layer_grad_norm,layer_max_abs_grad,layer_min_abs_grad,layer_near_zero_ratio
task_aware_bp,supervised_loss,same_depth,heart_8q_task_aware,heart_disease,binary_subset,0,42,16,"{0: 9, 1: 7}",hea,RX_RY_RZ_CNOT,angle,ry_angle,circular,cnot,binary_cross_entropy,single_qubit_z,8,1,1,8,8,8,0,0,0.006392447644194744,0.00011373899234736583,0.052890835386959406,0.034778109431805405,6.355335137301673e-19,0.4166666666666667
task_aware_bp,supervised_loss,same_depth,heart_8q_task_aware,heart_disease,binary_subset,0,42,16,"{0: 9, 1: 7}",hea,RX_RY_RZ_CNOT,angle,ry_angle,circular,cnot,binary_cross_entropy,single_qubit_z,8,1,1,8,8,8,1,0,0.0005221597088179179,1.0354721079101771e-06,0.005207783429515613,0.004104038640875401,9.785671345090436e-19,0.4166666666666667
task_aware_bp,supervised_loss,same_depth,heart_8q_task_aware,heart_disease,binary_subset,0,42,16,"{0: 9, 1: 7}",hea,RX_RY_RZ_CNOT,angle,ry_angle,circular,cnot,binary_cross_entropy,single_qubit_z,8,1,1,8,8,8,2,0,0.002830338455419927,2.5254895711225828e-05,0.02699105807960205,0.016306414040828925,1.7747025737186943e-19,0.4166666666666667
task_aware_bp,supervised_loss,same_depth,heart_8q_task_aware,heart_disease,binary_subset,0,42,16,"{0: 9, 1: 7}",hea,RX_RY_RZ_CNOT,angle,ry_angle,circular,cnot,binary_cross_entropy,single_qubit_z,8,1,1,8,8,8,3,0,0.005402819635030396,8.864550447381086e-05,0.04713089107380299,0.0296667054138209,7.914055212111053e-20,0.4166666666666667
task_aware_bp,supervised_loss,same_depth,heart_8q_task_aware,heart_disease,binary_subset,0,42,16,"{0: 9, 1: 7}",hea,RX_RY_RZ_CNOT,angle,ry_angle,circular,cnot,binary_cross_entropy,single_qubit_z,8,1,1,8,8,8,4,0,0.002148733445743125,1.5931489195259832e-05,0.019563867043864782,0.011341466178810936,1.600044802789892e-18,0.4166666666666667
task_aware_bp,supervised_loss,same_depth,heart_8q_task_aware,heart_disease,binary_subset,0,42,16,"{0: 9, 1: 7}",hea,RX_RY_RZ_CNOT,angle,ry_angle,circular,cnot,binary_cross_entropy,single_qubit_z,8,2,2,16,16,8,5,0,0.00717888709312155,8.38088068319823e-05,0.04493716321760138,0.02025572265406391,0.00034316012002069923,0.0
task_aware_bp,supervised_loss,same_depth,heart_8q_task_aware,heart_disease,binary_subset,0,42,16,"{0: 9, 1: 7}",hea,RX_RY_RZ_CNOT,angle,ry_angle,circular,cnot,binary_cross_entropy,single_qubit_z,8,2,2,16,16,8,5,1,0.004756007611926309,9.803074178863076e-05,0.04856310180925578,0.04144074112102286,5.537885238977904e-19,0.4166666666666667
task_aware_bp,supervised_loss,same_depth,heart_8q_task_aware,heart_disease,binary_subset,0,42,16,"{0: 9, 1: 7}",hea,RX_RY_RZ_CNOT,angle,ry_angle,circular,cnot,binary_cross_entropy,single_qubit_z,8,2,2,16,16,8,6,0,0.0093390830598409,0.0001741040774883251,0.06794953378895485,0.035433795840230306,0.00022242084144137567,0.0
task_aware_bp,supervised_loss,same_depth,heart_8q_task_aware,heart_disease,binary_subset,0,42,16,"{0: 9, 1: 7}",hea,RX_RY_RZ_CNOT,angle,ry_angle,circular,cnot,binary_cross_entropy,single_qubit_z,8,2,2,16,16,8,6,1,0.009261721200941675,0.0002518494641682004,0.08121997438535371,0.05790456715743974,2.846030702774449e-19,0.4166666666666667
task_aware_bp,supervised_loss,same_depth,heart_8q_task_aware,heart_disease,binary_subset,0,42,16,"{0: 9, 1: 7}",hea,RX_RY_RZ_CNOT,angle,ry_angle,circular,cnot,binary_cross_entropy,single_qubit_z,8,2,2,16,16,8,7,0,0.00604725496643319,3.8180681438053524e-05,0.03369256589047131,0.012982650742975497,7.794320648720857e-05,0.0
task_aware_bp,supervised_loss,same_depth,heart_8q_task_aware,heart_disease,binary_subset,0,42,16,"{0: 9, 1: 7}",hea,RX_RY_RZ_CNOT,angle,ry_angle,circular,cnot,binary_cross_entropy,single_qubit_z,8,2,2,16,16,8,7,1,0.004857722617246609,7.340515810378199e-05,0.04299284390724022,0.026477104628777254,1.2112792751427473e-19,0.4166666666666667
task_aware_bp,supervised_loss,same_depth,heart_8q_task_aware,heart_disease,binary_subset,0,42,16,"{0: 9, 1: 7}",hea,RX_RY_RZ_CNOT,angle,ry_angle,circular,cnot,binary_cross_entropy,single_qubit_z,8,2,2,16,16,8,8,0,0.006135593231062765,6.751086550533019e-05,0.041444128215716976,0.020523857733640544,7.768407478704782e-05,0.0
task_aware_bp,supervised_loss,same_depth,heart_8q_task_aware,heart_disease,binary_subset,0,42,16,"{0: 9, 1: 7}",hea,RX_RY_RZ_CNOT,angle,ry_angle,circular,cnot,binary_cross_entropy,single_qubit_z,8,2,2,16,16,8,8,1,0.008141098766157059,0.00017600044944512415,0.06528441197970924,0.03245157342460935,3.363656456213509e-19,0.4166666666666667
task_aware_bp,supervised_loss,same_depth,heart_8q_task_aware,heart_disease,binary_subset,0,42,16,"{0: 9, 1: 7}",hea,RX_RY_RZ_CNOT,angle,ry_angle,circular,cnot,binary_cross_entropy,single_qubit_z,8,2,2,16,16,8,9,0,0.003972316508124755,5.7313469218773866e-05,0.037093742941934266,0.03237666223008989,5.231934969924883e-05,0.0
task_aware_bp,supervised_loss,same_depth,heart_8q_task_aware,heart_disease,binary_subset,0,42,16,"{0: 9, 1: 7}",hea,RX_RY_RZ_CNOT,angle,ry_angle,circular,cnot,binary_cross_entropy,single_qubit_z,8,2,2,16,16,8,9,1,0.002862418257723111,1.8544463962604827e-05,0.02299120118731714,0.016333283845813392,6.256690365489847e-19,0.4166666666666667
task_aware_bp,supervised_loss,same_depth,heart_8q_task_aware,heart_disease,binary_subset,0,42,16,"{0: 9, 1: 7}",hea,RX_RY_RZ_CNOT,angle,ry_angle,circular,cnot,binary_cross_entropy,single_qubit_z,8,4,4,32,32,8,10,0,0.006466447914257561,7.744029751221086e-05,0.043226967679831814,0.023873909464794695,0.000561125282435872,0.0
task_aware_bp,supervised_loss,same_depth,heart_8q_task_aware,heart_disease,binary_subset,0,42,16,"{0: 9, 1: 7}",hea,RX_RY_RZ_CNOT,angle,ry_angle,circular,cnot,binary_cross_entropy,single_qubit_z,8,4,4,32,32,8,10,1,0.006901047062233631,6.908658809405014e-05,0.040731021953306516,0.01656155141518076,0.0009319396025009299,0.0
task_aware_bp,supervised_loss,same_depth,heart_8q_task_aware,heart_disease,binary_subset,0,42,16,"{0: 9, 1: 7}",hea,RX_RY_RZ_CNOT,angle,ry_angle,circular,cnot,binary_cross_entropy,single_qubit_z,8,4,4,32,32,8,10,2,0.004965786091403136,4.214220921353499e-05,0.03197176773970527,0.0164405734463586,1.2886241117091067e-05,0.0
task_aware_bp,supervised_loss,same_depth,heart_8q_task_aware,heart_disease,binary_subset,0,42,16,"{0: 9, 1: 7}",hea,RX_RY_RZ_CNOT,angle,ry_angle,circular,cnot,binary_cross_entropy,single_qubit_z,8,4,4,32,32,8,10,3,0.0045144829432933594,7.950568173991801e-05,0.04397959578950139,0.031134344050667957,1.4891309586787697e-18,0.4166666666666667
task_aware_bp,supervised_loss,same_depth,heart_8q_task_aware,heart_disease,binary_subset,0,42,16,"{0: 9, 1: 7}",hea,RX_RY_RZ_CNOT,angle,ry_angle,circular,cnot,binary_cross_entropy,single_qubit_z,8,4,4,32,32,8,11,0,0.009528030641604887,0.000135836583205237,0.05942187945968359,0.028918772375430286,0.000659496494300818,0.0
task_aware_bp,supervised_loss,same_depth,heart_8q_task_aware,heart_disease,binary_subset,0,42,16,"{0: 9, 1: 7}",hea,RX_RY_RZ_CNOT,angle,ry_angle,circular,cnot,binary_cross_entropy,single_qubit_z,8,4,4,32,32,8,11,1,0.007675522151650106,9.33849466134047e-05,0.04753516333722768,0.022271198080164662,0.00046270938531456753,0.0
task_aware_bp,supervised_loss,same_depth,heart_8q_task_aware,heart_disease,binary_subset,0,42,16,"{0: 9, 1: 7}",hea,RX_RY_RZ_CNOT,angle,ry_angle,circular,cnot,binary_cross_entropy,single_qubit_z,8,4,4,32,32,8,11,2,0.00890451500437551,0.00010886928750862143,0.052024122422742874,0.0265823100540458,0.0010167657421697532,0.0
task_aware_bp,supervised_loss,same_depth,heart_8q_task_aware,heart_disease,binary_subset,0,42,16,"{0: 9, 1: 7}",hea,RX_RY_RZ_CNOT,angle,ry_angle,circular,cnot,binary_cross_entropy,single_qubit_z,8,4,4,32,32,8,11,3,0.004794269089276733,5.419715421265466e-05,0.03689936668447111,0.018296239634356237,1.4895767159125179e-18,0.4166666666666667
task_aware_bp,supervised_loss,same_depth,heart_8q_task_aware,heart_disease,binary_subset,0,42,16,"{0: 9, 1: 7}",hea,RX_RY_RZ_CNOT,angle,ry_angle,circular,cnot,binary_cross_entropy,single_qubit_z,8,4,4,32,32,8,12,0,0.006718092323376508,6.106326100899971e-05,0.04210332659513358,0.022340420219922386,0.0009266674156401097,0.0
task_aware_bp,supervised_loss,same_depth,heart_8q_task_aware,heart_disease,binary_subset,0,42,16,"{0: 9, 1: 7}",hea,RX_RY_RZ_CNOT,angle,ry_angle,circular,cnot,binary_cross_entropy,single_qubit_z,8,4,4,32,32,8,12,1,0.010599945316090384,0.0001873277248121217,0.06746679336212764,0.03218541114969116,0.00021020216975723718,0.0
task_aware_bp,supervised_loss,same_depth,heart_8q_task_aware,heart_disease,binary_subset,0,42,16,"{0: 9, 1: 7}",hea,RX_RY_RZ_CNOT,angle,ry_angle,circular,cnot,binary_cross_entropy,single_qubit_z,8,4,4,32,32,8,12,2,0.009596381238589812,0.0001513619940142551,0.060275279957693155,0.03133031637050117,0.0023674336932130837,0.0
task_aware_bp,supervised_loss,same_depth,heart_8q_task_aware,heart_disease,binary_subset,0,42,16,"{0: 9, 1: 7}",hea,RX_RY_RZ_CNOT,angle,ry_angle,circular,cnot,binary_cross_entropy,single_qubit_z,8,4,4,32,32,8,12,3,0.006637126698022826,0.00010116479679622436,0.05017640248496891,0.027953440578729116,2.0789741756101005e-18,0.4166666666666667
task_aware_bp,supervised_loss,same_depth,heart_8q_task_aware,heart_disease,binary_subset,0,42,16,"{0: 9, 1: 7}",hea,RX_RY_RZ_CNOT,angle,ry_angle,circular,cnot,binary_cross_entropy,single_qubit_z,8,4,4,32,32,8,13,0,0.006163104391883291,3.698744868520104e-05,0.03503042697384294,0.016796128979862258,5.5340330656275874e-05,0.0
task_aware_bp,supervised_loss,same_depth,heart_8q_task_aware,heart_disease,binary_subset,0,42,16,"{0: 9, 1: 7}",hea,RX_RY_RZ_CNOT,angle,ry_angle,circular,cnot,binary_cross_entropy,single_qubit_z,8,4,4,32,32,8,13,1,0.009784513008370454,0.00014741951394295715,0.060413626249247766,0.028720272741782828,0.0007860151757024289,0.0
task_aware_bp,supervised_loss,same_depth,heart_8q_task_aware,heart_disease,binary_subset,0,42,16,"{0: 9, 1: 7}",hea,RX_RY_RZ_CNOT,angle,ry_angle,circular,cnot,binary_cross_entropy,single_qubit_z,8,4,4,32,32,8,13,2,0.009495138997936572,0.00014072493946987142,0.0581659442283004,0.02690951601215634,0.00047789459343279463,0.0
task_aware_bp,supervised_loss,same_depth,heart_8q_task_aware,heart_disease,binary_subset,0,42,16,"{0: 9, 1: 7}",hea,RX_RY_RZ_CNOT,angle,ry_angle,circular,cnot,binary_cross_entropy,single_qubit_z,8,4,4,32,32,8,13,3,0.005559584903514041,8.021619125388018e-05,0.04516263830779136,0.0287256642326063,3.543591266573658e-19,0.4166666666666667
task_aware_bp,supervised_loss,same_depth,heart_8q_task_aware,heart_disease,binary_subset,0,42,16,"{0: 9, 1: 7}",hea,RX_RY_RZ_CNOT,angle,ry_angle,circular,cnot,binary_cross_entropy,single_qubit_z,8,4,4,32,32,8,14,0,0.004751124340310012,2.871070326996203e-05,0.02630655613938882,0.010392666185623817,0.0008150999425317156,0.0
task_aware_bp,supervised_loss,same_depth,heart_8q_task_aware,heart_disease,binary_subset,0,42,16,"{0: 9, 1: 7}",hea,RX_RY_RZ_CNOT,angle,ry_angle,circular,cnot,binary_cross_entropy,single_qubit_z,8,4,4,32,32,8,14,1,0.006444791378902187,6.026874889232596e-05,0.03985696499160333,0.01732166485124137,7.798477981540292e-05,0.0
task_aware_bp,supervised_loss,same_depth,heart_8q_task_aware,heart_disease,binary_subset,0,42,16,"{0: 9, 1: 7}",hea,RX_RY_RZ_CNOT,angle,ry_angle,circular,cnot,binary_cross_entropy,single_qubit_z,8,4,4,32,32,8,14,2,0.009865441020400293,0.0001647426749217791,0.06355820873895918,0.02699359929760528,0.00048793308247904927,0.0
task_aware_bp,supervised_loss,same_depth,heart_8q_task_aware,heart_disease,binary_subset,0,42,16,"{0: 9, 1: 7}",hea,RX_RY_RZ_CNOT,angle,ry_angle,circular,cnot,binary_cross_entropy,single_qubit_z,8,4,4,32,32,8,14,3,0.006139084366121514,8.555494515944821e-05,0.0463234594319812,0.027372425403370086,8.680230972107584e-19,0.4166666666666667
task_aware_bp,supervised_loss,same_depth,heart_8q_task_aware,heart_disease,binary_subset,0,42,16,"{0: 9, 1: 7}",hea,RX_RY_RZ_CNOT,angle,ry_angle,circular,cnot,binary_cross_entropy,single_qubit_z,8,8,8,64,64,8,15,0,0.006974222330541051,6.481640018455285e-05,0.04024284316294205,0.019932452371214566,0.0003517993236745392,0.0
task_aware_bp,supervised_loss,same_depth,heart_8q_task_aware,heart_disease,binary_subset,0,42,16,"{0: 9, 1: 7}",hea,RX_RY_RZ_CNOT,angle,ry_angle,circular,cnot,binary_cross_entropy,single_qubit_z,8,8,8,64,64,8,15,1,0.007425050510092784,0.00010174094879508674,0.05229034366309412,0.02482961662174199,6.827620975256724e-05,0.0
task_aware_bp,supervised_loss,same_depth,heart_8q_task_aware,heart_disease,binary_subset,0,42,16,"{0: 9, 1: 7}",hea,RX_RY_RZ_CNOT,angle,ry_angle,circular,cnot,binary_cross_entropy,single_qubit_z,8,8,8,64,64,8,15,2,0.011402570428269523,0.00018422705005310147,0.0670505749220264,0.027429904657288458,0.0009201272430264204,0.0
task_aware_bp,supervised_loss,same_depth,heart_8q_task_aware,heart_disease,binary_subset,0,42,16,"{0: 9, 1: 7}",hea,RX_RY_RZ_CNOT,angle,ry_angle,circular,cnot,binary_cross_entropy,single_qubit_z,8,8,8,64,64,8,15,3,0.008556737243038173,0.00010761462999953188,0.051008260639631646,0.02051653080681954,0.0010679374862902751,0.0
task_aware_bp,supervised_loss,same_depth,heart_8q_task_aware,heart_disease,binary_subset,0,42,16,"{0: 9, 1: 7}",hea,RX_RY_RZ_CNOT,angle,ry_angle,circular,cnot,binary_cross_entropy,single_qubit_z,8,8,8,64,64,8,15,4,0.006978531846709535,7.744899174545022e-05,0.04317412767577037,0.018216368584709895,0.0009253959174809379,0.0
task_aware_bp,supervised_loss,same_depth,heart_8q_task_aware,heart_disease,binary_subset,0,42,16,"{0: 9, 1: 7}",hea,RX_RY_RZ_CNOT,angle,ry_angle,circular,cnot,binary_cross_entropy,single_qubit_z,8,8,8,64,64,8,15,5,0.008898055432166995,0.00010617864507896579,0.05130182587284147,0.022652283936374584,0.0014863612378541384,0.0
task_aware_bp,supervised_loss,same_depth,heart_8q_task_aware,heart_disease,binary_subset,0,42,16,"{0: 9, 1: 7}",hea,RX_RY_RZ_CNOT,angle,ry_angle,circular,cnot,binary_cross_entropy,single_qubit_z,8,8,8,64,64,8,15,6,0.010566570729106614,0.00015659908810824083,0.06319645737139777,0.02851451878151846,0.0006336543667366029,0.0
task_aware_bp,supervised_loss,same_depth,heart_8q_task_aware,heart_disease,binary_subset,0,42,16,"{0: 9, 1: 7}",hea,RX_RY_RZ_CNOT,angle,ry_angle,circular,cnot,binary_cross_entropy,single_qubit_z,8,8,8,64,64,8,15,7,0.008289864181860044,0.00015369180055265695,0.0688320275361402,0.03939847773725237,9.305046412129195e-19,0.4166666666666667
task_aware_bp,supervised_loss,same_depth,heart_8q_task_aware,heart_disease,binary_subset,0,42,16,"{0: 9, 1: 7}",hea,RX_RY_RZ_CNOT,angle,ry_angle,circular,cnot,binary_cross_entropy,single_qubit_z,8,8,8,64,64,8,16,0,0.006489820872857575,6.248282861956156e-05,0.03876669147912347,0.017009066932322882,0.0006543521901942362,0.0
task_aware_bp,supervised_loss,same_depth,heart_8q_task_aware,heart_disease,binary_subset,0,42,16,"{0: 9, 1: 7}",hea,RX_RY_RZ_CNOT,angle,ry_angle,circular,cnot,binary_cross_entropy,single_qubit_z,8,8,8,64,64,8,16,1,0.010341632860032562,0.00014042127485104647,0.05986575549189457,0.025479799818507346,0.0017125315031145255,0.0
task_aware_bp,supervised_loss,same_depth,heart_8q_task_aware,heart_disease,binary_subset,0,42,16,"{0: 9, 1: 7}",hea,RX_RY_RZ_CNOT,angle,ry_angle,circular,cnot,binary_cross_entropy,single_qubit_z,8,8,8,64,64,8,16,2,0.009141090284278407,0.00011142659304712343,0.05201492906228165,0.019310598324556644,0.0003514593343917848,0.0
task_aware_bp,supervised_loss,same_depth,heart_8q_task_aware,heart_disease,binary_subset,0,42,16,"{0: 9, 1: 7}",hea,RX_RY_RZ_CNOT,angle,ry_angle,circular,cnot,binary_cross_entropy,single_qubit_z,8,8,8,64,64,8,16,3,0.010627021723774869,0.00017448218493577947,0.06516638096365486,0.033307769014259754,0.0001966817025732294,0.0
task_aware_bp,supervised_loss,same_depth,heart_8q_task_aware,heart_disease,binary_subset,0,42,16,"{0: 9, 1: 7}",hea,RX_RY_RZ_CNOT,angle,ry_angle,circular,cnot,binary_cross_entropy,single_qubit_z,8,8,8,64,64,8,16,4,0.00721406413045106,8.101215581607666e-05,0.04478142719593743,0.024151995454407334,0.00025946212915264714,0.0
task_aware_bp,supervised_loss,same_depth,heart_8q_task_aware,heart_disease,binary_subset,0,42,16,"{0: 9, 1: 7}",hea,RX_RY_RZ_CNOT,angle,ry_angle,circular,cnot,binary_cross_entropy,single_qubit_z,8,8,8,64,64,8,16,5,0.009797732854860275,0.00014098579416194177,0.05820890491263342,0.02602463500150031,0.0007298527883952861,0.0
task_aware_bp,supervised_loss,same_depth,heart_8q_task_aware,heart_disease,binary_subset,0,42,16,"{0: 9, 1: 7}",hea,RX_RY_RZ_CNOT,angle,ry_angle,circular,cnot,binary_cross_entropy,single_qubit_z,8,8,8,64,64,8,16,6,0.008231669687426328,0.00013105473246653287,0.05610759612456376,0.024230109064512017,0.00014902375578738653,0.0
task_aware_bp,supervised_loss,same_depth,heart_8q_task_aware,heart_disease,binary_subset,0,42,16,"{0: 9, 1: 7}",hea,RX_RY_RZ_CNOT,angle,ry_angle,circular,cnot,binary_cross_entropy,single_qubit_z,8,8,8,64,64,8,16,7,0.008275261283505362,0.0001724755821882041,0.06873653844850093,0.04242939044686136,6.3736219252337885e-19,0.4166666666666667
task_aware_bp,supervised_loss,same_depth,heart_8q_task_aware,heart_disease,binary_subset,0,42,16,"{0: 9, 1: 7}",hea,RX_RY_RZ_CNOT,angle,ry_angle,circular,cnot,binary_cross_entropy,single_qubit_z,8,8,8,64,64,8,17,0,0.007856564195191373,8.353064432397195e-05,0.046166066881594144,0.01908960556554801,5.7112154129694364e-05,0.0
task_aware_bp,supervised_loss,same_depth,heart_8q_task_aware,heart_disease,binary_subset,0,42,16,"{0: 9, 1: 7}",hea,RX_RY_RZ_CNOT,angle,ry_angle,circular,cnot,binary_cross_entropy,single_qubit_z,8,8,8,64,64,8,17,1,0.006986930074576043,7.323785335899693e-05,0.04384145331572583,0.022118763992678862,2.8403265881826734e-05,0.0
task_aware_bp,supervised_loss,same_depth,heart_8q_task_aware,heart_disease,binary_subset,0,42,16,"{0: 9, 1: 7}",hea,RX_RY_RZ_CNOT,angle,ry_angle,circular,cnot,binary_cross_entropy,single_qubit_z,8,8,8,64,64,8,17,2,0.00905783292172656,0.00011305907619887124,0.05451895791247107,0.02081656916039943,0.0003275197225567389,0.0
task_aware_bp,supervised_loss,same_depth,heart_8q_task_aware,heart_disease,binary_subset,0,42,16,"{0: 9, 1: 7}",hea,RX_RY_RZ_CNOT,angle,ry_angle,circular,cnot,binary_cross_entropy,single_qubit_z,8,8,8,64,64,8,17,3,0.007562078681685073,9.544440178822256e-05,0.04801882315727225,0.021678782454565965,0.0006113958631434845,0.0
task_aware_bp,supervised_loss,same_depth,heart_8q_task_aware,heart_disease,binary_subset,0,42,16,"{0: 9, 1: 7}",hea,RX_RY_RZ_CNOT,angle,ry_angle,circular,cnot,binary_cross_entropy,single_qubit_z,8,8,8,64,64,8,17,4,0.011125115490305348,0.00016047970067597784,0.06213322808674861,0.024768814233855133,3.3308143149076916e-05,0.0
task_aware_bp,supervised_loss,same_depth,heart_8q_task_aware,heart_disease,binary_subset,0,42,16,"{0: 9, 1: 7}",hea,RX_RY_RZ_CNOT,angle,ry_angle,circular,cnot,binary_cross_entropy,single_qubit_z,8,8,8,64,64,8,17,5,0.008293407626867777,8.411449640804987e-05,0.04503191061439442,0.017753483331849826,0.0017356173049983313,0.0
task_aware_bp,supervised_loss,same_depth,heart_8q_task_aware,heart_disease,binary_subset,0,42,16,"{0: 9, 1: 7}",hea,RX_RY_RZ_CNOT,angle,ry_angle,circular,cnot,binary_cross_entropy,single_qubit_z,8,8,8,64,64,8,17,6,0.010230700888292492,0.00017721026107728774,0.06565083292006525,0.035114645667821104,0.00012416179991269795,0.0
task_aware_bp,supervised_loss,same_depth,heart_8q_task_aware,heart_disease,binary_subset,0,42,16,"{0: 9, 1: 7}",hea,RX_RY_RZ_CNOT,angle,ry_angle,circular,cnot,binary_cross_entropy,single_qubit_z,8,8,8,64,64,8,17,7,0.005315208878890557,8.91840593235558e-05,0.04664874617575069,0.02799839778687484,4.452923436471997e-19,0.4166666666666667
task_aware_bp,supervised_loss,same_depth,heart_8q_task_aware,heart_disease,binary_subset,0,42,16,"{0: 9, 1: 7}",hea,RX_RY_RZ_CNOT,angle,ry_angle,circular,cnot,binary_cross_entropy,single_qubit_z,8,8,8,64,64,8,18,0,0.007945156488865108,0.0001083632299624004,0.05137691534784414,0.03180876862259108,0.0014712318685363847,0.0
task_aware_bp,supervised_loss,same_depth,heart_8q_task_aware,heart_disease,binary_subset,0,42,16,"{0: 9, 1: 7}",hea,RX_RY_RZ_CNOT,angle,ry_angle,circular,cnot,binary_cross_entropy,single_qubit_z,8,8,8,64,64,8,18,1,0.011236422502013977,0.00017955145407847492,0.06862511443440326,0.03271341066703284,0.0006751557324254288,0.0
task_aware_bp,supervised_loss,same_depth,heart_8q_task_aware,heart_disease,binary_subset,0,42,16,"{0: 9, 1: 7}",hea,RX_RY_RZ_CNOT,angle,ry_angle,circular,cnot,binary_cross_entropy,single_qubit_z,8,8,8,64,64,8,18,2,0.008759374330023991,0.00010800515633862383,0.05579490743087659,0.032085559252895655,0.0004601148208455976,0.0
task_aware_bp,supervised_loss,same_depth,heart_8q_task_aware,heart_disease,binary_subset,0,42,16,"{0: 9, 1: 7}",hea,RX_RY_RZ_CNOT,angle,ry_angle,circular,cnot,binary_cross_entropy,single_qubit_z,8,8,8,64,64,8,18,3,0.008073263826658426,8.553156896005868e-05,0.04616128567485182,0.017446547622723615,0.0002690273584379857,0.0
task_aware_bp,supervised_loss,same_depth,heart_8q_task_aware,heart_disease,binary_subset,0,42,16,"{0: 9, 1: 7}",hea,RX_RY_RZ_CNOT,angle,ry_angle,circular,cnot,binary_cross_entropy,single_qubit_z,8,8,8,64,64,8,18,4,0.009497414215211723,0.00013856171187197035,0.05923537594830808,0.029608001304941373,0.00013098774200399248,0.0
task_aware_bp,supervised_loss,same_depth,heart_8q_task_aware,heart_disease,binary_subset,0,42,16,"{0: 9, 1: 7}",hea,RX_RY_RZ_CNOT,angle,ry_angle,circular,cnot,binary_cross_entropy,single_qubit_z,8,8,8,64,64,8,18,5,0.010090869764027477,0.00013841286780668033,0.05767865110536304,0.022521992400421947,0.0015544526810431598,0.0
task_aware_bp,supervised_loss,same_depth,heart_8q_task_aware,heart_disease,binary_subset,0,42,16,"{0: 9, 1: 7}",hea,RX_RY_RZ_CNOT,angle,ry_angle,circular,cnot,binary_cross_entropy,single_qubit_z,8,8,8,64,64,8,18,6,0.009691234052515646,0.00015130735589630743,0.06331144247746336,0.02793646618858299,0.00045820039979384904,0.0
task_aware_bp,supervised_loss,same_depth,heart_8q_task_aware,heart_disease,binary_subset,0,42,16,"{0: 9, 1: 7}",hea,RX_RY_RZ_CNOT,angle,ry_angle,circular,cnot,binary_cross_entropy,single_qubit_z,8,8,8,64,64,8,18,7,0.006101044402144244,0.00010661847461663233,0.05084086653926092,0.03140603474770959,1.4467004570325036e-18,0.4166666666666667
task_aware_bp,supervised_loss,same_depth,heart_8q_task_aware,heart_disease,binary_subset,0,42,16,"{0: 9, 1: 7}",hea,RX_RY_RZ_CNOT,angle,ry_angle,circular,cnot,binary_cross_entropy,single_qubit_z,8,8,8,64,64,8,19,0,0.007232074675597548,9.4748920403678e-05,0.04794291421841472,0.024921219688646263,3.2077513509727075e-05,0.0
task_aware_bp,supervised_loss,same_depth,heart_8q_task_aware,heart_disease,binary_subset,0,42,16,"{0: 9, 1: 7}",hea,RX_RY_RZ_CNOT,angle,ry_angle,circular,cnot,binary_cross_entropy,single_qubit_z,8,8,8,64,64,8,19,1,0.010195480883972048,0.00012654063427924202,0.05777849132455574,0.02154643626895767,0.00048505590793245,0.0
task_aware_bp,supervised_loss,same_depth,heart_8q_task_aware,heart_disease,binary_subset,0,42,16,"{0: 9, 1: 7}",hea,RX_RY_RZ_CNOT,angle,ry_angle,circular,cnot,binary_cross_entropy,single_qubit_z,8,8,8,64,64,8,19,2,0.009867404874098942,0.0001475536890933134,0.06252113088916518,0.03072850567079377,0.00019235145165299658,0.0
task_aware_bp,supervised_loss,same_depth,heart_8q_task_aware,heart_disease,binary_subset,0,42,16,"{0: 9, 1: 7}",hea,RX_RY_RZ_CNOT,angle,ry_angle,circular,cnot,binary_cross_entropy,single_qubit_z,8,8,8,64,64,8,19,3,0.008710379396553603,0.00010579799711779048,0.05113285612442094,0.02118782056646039,0.001360437917512887,0.0
task_aware_bp,supervised_loss,same_depth,heart_8q_task_aware,heart_disease,binary_subset,0,42,16,"{0: 9, 1: 7}",hea,RX_RY_RZ_CNOT,angle,ry_angle,circular,cnot,binary_cross_entropy,single_qubit_z,8,8,8,64,64,8,19,4,0.008386435260210085,0.00010734921041735089,0.052452841714876276,0.028419697590453964,0.00043067589730955407,0.0
task_aware_bp,supervised_loss,same_depth,heart_8q_task_aware,heart_disease,binary_subset,0,42,16,"{0: 9, 1: 7}",hea,RX_RY_RZ_CNOT,angle,ry_angle,circular,cnot,binary_cross_entropy,single_qubit_z,8,8,8,64,64,8,19,5,0.009541296860874682,0.00013323519664577821,0.056570005590805564,0.023037056792452704,0.0004460766124096526,0.0
task_aware_bp,supervised_loss,same_depth,heart_8q_task_aware,heart_disease,binary_subset,0,42,16,"{0: 9, 1: 7}",hea,RX_RY_RZ_CNOT,angle,ry_angle,circular,cnot,binary_cross_entropy,single_qubit_z,8,8,8,64,64,8,19,6,0.008910436972200472,0.00011881718042708436,0.054181505518006885,0.022173600740151844,0.0005073720733245577,0.0
task_aware_bp,supervised_loss,same_depth,heart_8q_task_aware,heart_disease,binary_subset,0,42,16,"{0: 9, 1: 7}",hea,RX_RY_RZ_CNOT,angle,ry_angle,circular,cnot,binary_cross_entropy,single_qubit_z,8,8,8,64,64,8,19,7,0.006298680952121635,0.00010398748235488803,0.051412467100141364,0.02409895894589946,4.798664708708329e-20,0.4166666666666667
task_aware_bp,supervised_loss,same_depth,heart_8q_task_aware,heart_disease,binary_subset,0,42,16,"{0: 9, 1: 7}",hea,RX_RY_RZ_CNOT,angle,ry_angle,circular,cnot,binary_cross_entropy,single_qubit_z,8,16,16,128,128,8,20,0,0.005665943025789824,4.727592719621081e-05,0.03525669859085783,0.018300915751679907,0.0001265446421375562,0.0
task_aware_bp,supervised_loss,same_depth,heart_8q_task_aware,heart_disease,binary_subset,0,42,16,"{0: 9, 1: 7}",hea,RX_RY_RZ_CNOT,angle,ry_angle,circular,cnot,binary_cross_entropy,single_qubit_z,8,16,16,128,128,8,20,1,0.008681143824157017,0.0001053568817711528,0.05258283483043771,0.025238563586889508,0.0012521707206696701,0.0
task_aware_bp,supervised_loss,same_depth,heart_8q_task_aware,heart_disease,binary_subset,0,42,16,"{0: 9, 1: 7}",hea,RX_RY_RZ_CNOT,angle,ry_angle,circular,cnot,binary_cross_entropy,single_qubit_z,8,16,16,128,128,8,20,2,0.008098116647358334,9.561213393616205e-05,0.048136057432387185,0.02558548809917189,0.0010327899827449701,0.0
task_aware_bp,supervised_loss,same_depth,heart_8q_task_aware,heart_disease,binary_subset,0,42,16,"{0: 9, 1: 7}",hea,RX_RY_RZ_CNOT,angle,ry_angle,circular,cnot,binary_cross_entropy,single_qubit_z,8,16,16,128,128,8,20,3,0.011747726284262608,0.00020363447306198947,0.07229884326323421,0.036414636996107745,0.00029586784096555805,0.0
task_aware_bp,supervised_loss,same_depth,heart_8q_task_aware,heart_disease,binary_subset,0,42,16,"{0: 9, 1: 7}",hea,RX_RY_RZ_CNOT,angle,ry_angle,circular,cnot,binary_cross_entropy,single_qubit_z,8,16,16,128,128,8,20,4,0.009331754697967829,0.00012213417304840837,0.054147996712983586,0.021664235708964405,0.00014817877838728573,0.0
task_aware_bp,supervised_loss,same_depth,heart_8q_task_aware,heart_disease,binary_subset,0,42,16,"{0: 9, 1: 7}",hea,RX_RY_RZ_CNOT,angle,ry_angle,circular,cnot,binary_cross_entropy,single_qubit_z,8,16,16,128,128,8,20,5,0.00957724096659202,0.0001574659499457593,0.061491012418772945,0.02912849052932665,0.00018495589924450665,0.0
task_aware_bp,supervised_loss,same_depth,heart_8q_task_aware,heart_disease,binary_subset,0,42,16,"{0: 9, 1: 7}",hea,RX_RY_RZ_CNOT,angle,ry_angle,circular,cnot,binary_cross_entropy,single_qubit_z,8,16,16,128,128,8,20,6,0.010166697854727673,0.00013931963550472564,0.05784760081750809,0.02243148341449586,0.0014439746519795842,0.0
task_aware_bp,supervised_loss,same_depth,heart_8q_task_aware,heart_disease,binary_subset,0,42,16,"{0: 9, 1: 7}",hea,RX_RY_RZ_CNOT,angle,ry_angle,circular,cnot,binary_cross_entropy,single_qubit_z,8,16,16,128,128,8,20,7,0.010084346290234865,0.00017814507748295654,0.06575711568860278,0.03596032410830068,2.6683745355209738e-05,0.0
task_aware_bp,supervised_loss,same_depth,heart_8q_task_aware,heart_disease,binary_subset,0,42,16,"{0: 9, 1: 7}",hea,RX_RY_RZ_CNOT,angle,ry_angle,circular,cnot,binary_cross_entropy,single_qubit_z,8,16,16,128,128,8,20,8,0.00897669837977219,0.00010108092926260931,0.049328187048378866,0.016255246778277485,0.001083449649975293,0.0
task_aware_bp,supervised_loss,same_depth,heart_8q_task_aware,heart_disease,binary_subset,0,42,16,"{0: 9, 1: 7}",hea,RX_RY_RZ_CNOT,angle,ry_angle,circular,cnot,binary_cross_entropy,single_qubit_z,8,16,16,128,128,8,20,9,0.009395003890185053,0.00015617012194309187,0.0654562970515107,0.038477743136136666,4.000983043808779e-06,0.0
task_aware_bp,supervised_loss,same_depth,heart_8q_task_aware,heart_disease,binary_subset,0,42,16,"{0: 9, 1: 7}",hea,RX_RY_RZ_CNOT,angle,ry_angle,circular,cnot,binary_cross_entropy,single_qubit_z,8,16,16,128,128,8,20,10,0.008549989617716377,0.00012934422166346649,0.05614128109368308,0.03602950793241602,0.00013926996438939692,0.0
task_aware_bp,supervised_loss,same_depth,heart_8q_task_aware,heart_disease,binary_subset,0,42,16,"{0: 9, 1: 7}",hea,RX_RY_RZ_CNOT,angle,ry_angle,circular,cnot,binary_cross_entropy,single_qubit_z,8,16,16,128,128,8,20,11,0.008394207577768624,8.643378393860344e-05,0.0502533918955163,0.020946445708932948,0.00015732038399883397,0.0
task_aware_bp,supervised_loss,same_depth,heart_8q_task_aware,heart_disease,binary_subset,0,42,16,"{0: 9, 1: 7}",hea,RX_RY_RZ_CNOT,angle,ry_angle,circular,cnot,binary_cross_entropy,single_qubit_z,8,16,16,128,128,8,20,12,0.008017501169051354,0.00010001528690973371,0.05340667102322851,0.026352174700443712,5.814552908357199e-05,0.0
task_aware_bp,supervised_loss,same_depth,heart_8q_task_aware,heart_disease,binary_subset,0,42,16,"{0: 9, 1: 7}",hea,RX_RY_RZ_CNOT,angle,ry_angle,circular,cnot,binary_cross_entropy,single_qubit_z,8,16,16,128,128,8,20,13,0.01028400128437978,0.00011512269770012547,0.058507584591858994,0.022846246045922433,0.0005047377013014901,0.0
task_aware_bp,supervised_loss,same_depth,heart_8q_task_aware,heart_disease,binary_subset,0,42,16,"{0: 9, 1: 7}",hea,RX_RY_RZ_CNOT,angle,ry_angle,circular,cnot,binary_cross_entropy,single_qubit_z,8,16,16,128,128,8,20,14,0.009660096554648978,0.00013197324392377787,0.05646169880746867,0.025003698982207875,0.0005389944868995347,0.0
task_aware_bp,supervised_loss,same_depth,heart_8q_task_aware,heart_disease,binary_subset,0,42,16,"{0: 9, 1: 7}",hea,RX_RY_RZ_CNOT,angle,ry_angle,circular,cnot,binary_cross_entropy,single_qubit_z,8,16,16,128,128,8,20,15,0.0074306345300032385,0.00018140185533015838,0.0661462651762527,0.03488948850418534,2.6829043722586867e-19,0.4166666666666667
task_aware_bp,supervised_loss,same_depth,heart_8q_task_aware,heart_disease,binary_subset,0,42,16,"{0: 9, 1: 7}",hea,RX_RY_RZ_CNOT,angle,ry_angle,circular,cnot,binary_cross_entropy,single_qubit_z,8,16,16,128,128,8,21,0,0.008108472442993899,0.00011574582101260042,0.052898997749580484,0.029758473361370365,0.0003750125957469486,0.0
task_aware_bp,supervised_loss,same_depth,heart_8q_task_aware,heart_disease,binary_subset,0,42,16,"{0: 9, 1: 7}",hea,RX_RY_RZ_CNOT,angle,ry_angle,circular,cnot,binary_cross_entropy,single_qubit_z,8,16,16,128,128,8,21,1,0.008725655205991799,0.00015134980640274973,0.06212998202582479,0.03123866001799292,0.00027310133688531043,0.0
task_aware_bp,supervised_loss,same_depth,heart_8q_task_aware,heart_disease,binary_subset,0,42,16,"{0: 9, 1: 7}",hea,RX_RY_RZ_CNOT,angle,ry_angle,circular,cnot,binary_cross_entropy,single_qubit_z,8,16,16,128,128,8,21,2,0.009025735816938949,0.00011982881062665354,0.05365052250742851,0.021669212794742237,0.0006735232760822487,0.0
task_aware_bp,supervised_loss,same_depth,heart_8q_task_aware,heart_disease,binary_subset,0,42,16,"{0: 9, 1: 7}",hea,RX_RY_RZ_CNOT,angle,ry_angle,circular,cnot,binary_cross_entropy,single_qubit_z,8,16,16,128,128,8,21,3,0.009265600224571324,0.0001380629903754713,0.05769143471520025,0.02595899647650665,0.0007404232462384472,0.0
task_aware_bp,supervised_loss,same_depth,heart_8q_task_aware,heart_disease,binary_subset,0,42,16,"{0: 9, 1: 7}",hea,RX_RY_RZ_CNOT,angle,ry_angle,circular,cnot,binary_cross_entropy,single_qubit_z,8,16,16,128,128,8,21,4,0.009659259755937151,0.00012698156462062082,0.05524431274859194,0.021593824086119227,0.0006808051554877664,0.0
task_aware_bp,supervised_loss,same_depth,heart_8q_task_aware,heart_disease,binary_subset,0,42,16,"{0: 9, 1: 7}",hea,RX_RY_RZ_CNOT,angle,ry_angle,circular,cnot,binary_cross_entropy,single_qubit_z,8,16,16,128,128,8,21,5,0.00987741275325689,0.000121626940176277,0.0581226778527267,0.02863219702723306,0.00036619844830303866,0.0
task_aware_bp,supervised_loss,same_depth,heart_8q_task_aware,heart_disease,binary_subset,0,42,16,"{0: 9, 1: 7}",hea,RX_RY_RZ_CNOT,angle,ry_angle,circular,cnot,binary_cross_entropy,single_qubit_z,8,16,16,128,128,8,21,6,0.009359308469158908,0.0001314924919705955,0.056723907022551534,0.027282725444983953,0.0006175296107752675,0.0
task_aware_bp,supervised_loss,same_depth,heart_8q_task_aware,heart_disease,binary_subset,0,42,16,"{0: 9, 1: 7}",hea,RX_RY_RZ_CNOT,angle,ry_angle,circular,cnot,binary_cross_entropy,single_qubit_z,8,16,16,128,128,8,21,7,0.011050623330992047,0.00015751716226426423,0.062048373561394234,0.023565562415494443,0.0007139846807320892,0.0
task_aware_bp,supervised_loss,same_depth,heart_8q_task_aware,heart_disease,binary_subset,0,42,16,"{0: 9, 1: 7}",hea,RX_RY_RZ_CNOT,angle,ry_angle,circular,cnot,binary_cross_entropy,single_qubit_z,8,16,16,128,128,8,21,8,0.010067561626968764,0.00014717750955974064,0.06015040413284759,0.026881560543767676,0.00015924862936253005,0.0
task_aware_bp,supervised_loss,same_depth,heart_8q_task_aware,heart_disease,binary_subset,0,42,16,"{0: 9, 1: 7}",hea,RX_RY_RZ_CNOT,angle,ry_angle,circular,cnot,binary_cross_entropy,single_qubit_z,8,16,16,128,128,8,21,9,0.009773091440772158,0.00014013055137198174,0.05883181645853859,0.025152079340206204,5.050523976971293e-05,0.0
task_aware_bp,supervised_loss,same_depth,heart_8q_task_aware,heart_disease,binary_subset,0,42,16,"{0: 9, 1: 7}",hea,RX_RY_RZ_CNOT,angle,ry_angle,circular,cnot,binary_cross_entropy,single_qubit_z,8,16,16,128,128,8,21,10,0.009184594471559034,0.00010063918113507556,0.05390298203227003,0.02227169433557854,0.0011782805057784593,0.0
task_aware_bp,supervised_loss,same_depth,heart_8q_task_aware,heart_disease,binary_subset,0,42,16,"{0: 9, 1: 7}",hea,RX_RY_RZ_CNOT,angle,ry_angle,circular,cnot,binary_cross_entropy,single_qubit_z,8,16,16,128,128,8,21,11,0.00941894209056195,0.0001238823127869121,0.055438108343768354,0.020072006896665925,0.0007931262221968095,0.0
task_aware_bp,supervised_loss,same_depth,heart_8q_task_aware,heart_disease,binary_subset,0,42,16,"{0: 9, 1: 7}",hea,RX_RY_RZ_CNOT,angle,ry_angle,circular,cnot,binary_cross_entropy,single_qubit_z,8,16,16,128,128,8,21,12,0.007581551584949109,8.85537300553302e-05,0.0463527412171231,0.018511415544836096,0.0001397698744080645,0.0
task_aware_bp,supervised_loss,same_depth,heart_8q_task_aware,heart_disease,binary_subset,0,42,16,"{0: 9, 1: 7}",hea,RX_RY_RZ_CNOT,angle,ry_angle,circular,cnot,binary_cross_entropy,single_qubit_z,8,16,16,128,128,8,21,13,0.00873962316701435,0.00010979792980028771,0.05193265238709752,0.022628810225788682,0.0007232964342857116,0.0
task_aware_bp,supervised_loss,same_depth,heart_8q_task_aware,heart_disease,binary_subset,0,42,16,"{0: 9, 1: 7}",hea,RX_RY_RZ_CNOT,angle,ry_angle,circular,cnot,binary_cross_entropy,single_qubit_z,8,16,16,128,128,8,21,14,0.010292282797479523,0.00013641595257275272,0.05916264498182025,0.023445338612074422,0.0020045014124148034,0.0
task_aware_bp,supervised_loss,same_depth,heart_8q_task_aware,heart_disease,binary_subset,0,42,16,"{0: 9, 1: 7}",hea,RX_RY_RZ_CNOT,angle,ry_angle,circular,cnot,binary_cross_entropy,single_qubit_z,8,16,16,128,128,8,21,15,0.005348929479103821,8.48734877657893e-05,0.04625102621778388,0.03329342203191175,1.5364457297226902e-19,0.4166666666666667
task_aware_bp,supervised_loss,same_depth,heart_8q_task_aware,heart_disease,binary_subset,0,42,16,"{0: 9, 1: 7}",hea,RX_RY_RZ_CNOT,angle,ry_angle,circular,cnot,binary_cross_entropy,single_qubit_z,8,16,16,128,128,8,22,0,0.007377739517996601,7.06662797233645e-05,0.04308234156623198,0.019611843296366557,0.0005832780329938494,0.0
task_aware_bp,supervised_loss,same_depth,heart_8q_task_aware,heart_disease,binary_subset,0,42,16,"{0: 9, 1: 7}",hea,RX_RY_RZ_CNOT,angle,ry_angle,circular,cnot,binary_cross_entropy,single_qubit_z,8,16,16,128,128,8,22,1,0.009120517988499898,0.00010780656278148993,0.0520025069271907,0.027558899052196034,0.0017134983302389234,0.0
task_aware_bp,supervised_loss,same_depth,heart_8q_task_aware,heart_disease,binary_subset,0,42,16,"{0: 9, 1: 7}",hea,RX_RY_RZ_CNOT,angle,ry_angle,circular,cnot,binary_cross_entropy,single_qubit_z,8,16,16,128,128,8,22,2,0.007037703521607097,7.69820593779873e-05,0.04676724550789462,0.019397697571766185,0.0006551098922900284,0.0
task_aware_bp,supervised_loss,same_depth,heart_8q_task_aware,heart_disease,binary_subset,0,42,16,"{0: 9, 1: 7}",hea,RX_RY_RZ_CNOT,angle,ry_angle,circular,cnot,binary_cross_entropy,single_qubit_z,8,16,16,128,128,8,22,3,0.011208883288234037,0.00014753071198767234,0.06124924948839509,0.022719305614706906,0.00052581263210323,0.0
task_aware_bp,supervised_loss,same_depth,heart_8q_task_aware,heart_disease,binary_subset,0,42,16,"{0: 9, 1: 7}",hea,RX_RY_RZ_CNOT,angle,ry_angle,circular,cnot,binary_cross_entropy,single_qubit_z,8,16,16,128,128,8,22,4,0.007178545771732959,7.610452950548147e-05,0.0427710268508296,0.018936650494936254,0.00045391070081529997,0.0
task_aware_bp,supervised_loss,same_depth,heart_8q_task_aware,heart_disease,binary_subset,0,42,16,"{0: 9, 1: 7}",hea,RX_RY_RZ_CNOT,angle,ry_angle,circular,cnot,binary_cross_entropy,single_qubit_z,8,16,16,128,128,8,22,5,0.006284248742019179,5.646876496878594e-05,0.037285835363469674,0.016020767013553684,0.00018992424564413107,0.0
task_aware_bp,supervised_loss,same_depth,heart_8q_task_aware,heart_disease,binary_subset,0,42,16,"{0: 9, 1: 7}",hea,RX_RY_RZ_CNOT,angle,ry_angle,circular,cnot,binary_cross_entropy,single_qubit_z,8,16,16,128,128,8,22,6,0.007313371089502685,7.139382876743212e-05,0.041768467143396014,0.015184324538702727,0.0003732149924747625,0.0
task_aware_bp,supervised_loss,same_depth,heart_8q_task_aware,heart_disease,binary_subset,0,42,16,"{0: 9, 1: 7}",hea,RX_RY_RZ_CNOT,angle,ry_angle,circular,cnot,binary_cross_entropy,single_qubit_z,8,16,16,128,128,8,22,7,0.010338457014535828,0.00016913271498174165,0.06482063722773333,0.032175222243240986,0.0004087969372413777,0.0
task_aware_bp,supervised_loss,same_depth,heart_8q_task_aware,heart_disease,binary_subset,0,42,16,"{0: 9, 1: 7}",hea,RX_RY_RZ_CNOT,angle,ry_angle,circular,cnot,binary_cross_entropy,single_qubit_z,8,16,16,128,128,8,22,8,0.01027565464813785,0.00015954478746688726,0.06233523996442967,0.027590082114727254,0.0005257847239830741,0.0
task_aware_bp,supervised_loss,same_depth,heart_8q_task_aware,heart_disease,binary_subset,0,42,16,"{0: 9, 1: 7}",hea,RX_RY_RZ_CNOT,angle,ry_angle,circular,cnot,binary_cross_entropy,single_qubit_z,8,16,16,128,128,8,22,9,0.009187847300551895,0.00011512416042761361,0.05276892818646987,0.018298813920945258,0.0005339254876753794,0.0
task_aware_bp,supervised_loss,same_depth,heart_8q_task_aware,heart_disease,binary_subset,0,42,16,"{0: 9, 1: 7}",hea,RX_RY_RZ_CNOT,angle,ry_angle,circular,cnot,binary_cross_entropy,single_qubit_z,8,16,16,128,128,8,22,10,0.00774312333634275,8.920158396923887e-05,0.04740448851655275,0.020067881362834036,0.0005027396849370145,0.0
task_aware_bp,supervised_loss,same_depth,heart_8q_task_aware,heart_disease,binary_subset,0,42,16,"{0: 9, 1: 7}",hea,RX_RY_RZ_CNOT,angle,ry_angle,circular,cnot,binary_cross_entropy,single_qubit_z,8,16,16,128,128,8,22,11,0.007744649608326305,0.00010565527296778298,0.05035613636383463,0.02362109598918416,0.00010691358523639552,0.0
task_aware_bp,supervised_loss,same_depth,heart_8q_task_aware,heart_disease,binary_subset,0,42,16,"{0: 9, 1: 7}",hea,RX_RY_RZ_CNOT,angle,ry_angle,circular,cnot,binary_cross_entropy,single_qubit_z,8,16,16,128,128,8,22,12,0.011902333898726488,0.00024317528623476374,0.07680121312443813,0.03708734676538264,9.222209049013566e-05,0.0
task_aware_bp,supervised_loss,same_depth,heart_8q_task_aware,heart_disease,binary_subset,0,42,16,"{0: 9, 1: 7}",hea,RX_RY_RZ_CNOT,angle,ry_angle,circular,cnot,binary_cross_entropy,single_qubit_z,8,16,16,128,128,8,22,13,0.008263571449044795,9.626699165421776e-05,0.04809666699306239,0.021213599272322456,0.0020275232822253558,0.0
task_aware_bp,supervised_loss,same_depth,heart_8q_task_aware,heart_disease,binary_subset,0,42,16,"{0: 9, 1: 7}",hea,RX_RY_RZ_CNOT,angle,ry_angle,circular,cnot,binary_cross_entropy,single_qubit_z,8,16,16,128,128,8,22,14,0.007926875854791203,0.00010157962390405733,0.050336967568102305,0.02015687009202489,0.0002480757083820299,0.0
task_aware_bp,supervised_loss,same_depth,heart_8q_task_aware,heart_disease,binary_subset,0,42,16,"{0: 9, 1: 7}",hea,RX_RY_RZ_CNOT,angle,ry_angle,circular,cnot,binary_cross_entropy,single_qubit_z,8,16,16,128,128,8,22,15,0.005149316142048543,8.701502238470575e-05,0.0457329445296298,0.026185629157967398,4.924653640777576e-19,0.4166666666666667
task_aware_bp,supervised_loss,same_depth,heart_8q_task_aware,heart_disease,binary_subset,0,42,16,"{0: 9, 1: 7}",hea,RX_RY_RZ_CNOT,angle,ry_angle,circular,cnot,binary_cross_entropy,single_qubit_z,8,16,16,128,128,8,23,0,0.007335458303470251,8.95571574271426e-05,0.04650393729749423,0.02495311201130557,4.526884650373191e-05,0.0
task_aware_bp,supervised_loss,same_depth,heart_8q_task_aware,heart_disease,binary_subset,0,42,16,"{0: 9, 1: 7}",hea,RX_RY_RZ_CNOT,angle,ry_angle,circular,cnot,binary_cross_entropy,single_qubit_z,8,16,16,128,128,8,23,1,0.00936805134158415,9.906975998662612e-05,0.054252598654061096,0.02089209885577976,0.0007764807468275967,0.0
task_aware_bp,supervised_loss,same_depth,heart_8q_task_aware,heart_disease,binary_subset,0,42,16,"{0: 9, 1: 7}",hea,RX_RY_RZ_CNOT,angle,ry_angle,circular,cnot,binary_cross_entropy,single_qubit_z,8,16,16,128,128,8,23,2,0.009754212474479189,0.00014041495405317796,0.059166210270534175,0.02398691961815609,0.0008830880988050021,0.0
task_aware_bp,supervised_loss,same_depth,heart_8q_task_aware,heart_disease,binary_subset,0,42,16,"{0: 9, 1: 7}",hea,RX_RY_RZ_CNOT,angle,ry_angle,circular,cnot,binary_cross_entropy,single_qubit_z,8,16,16,128,128,8,23,3,0.010387051397809014,0.00013518522124201875,0.06011652310300749,0.020703547121047626,3.900064691585853e-05,0.0
task_aware_bp,supervised_loss,same_depth,heart_8q_task_aware,heart_disease,binary_subset,0,42,16,"{0: 9, 1: 7}",hea,RX_RY_RZ_CNOT,angle,ry_angle,circular,cnot,binary_cross_entropy,single_qubit_z,8,16,16,128,128,8,23,4,0.008304960121173476,0.00011274966310469358,0.0522604569954119,0.023624672433596068,0.0010609462428277966,0.0
task_aware_bp,supervised_loss,same_depth,heart_8q_task_aware,heart_disease,binary_subset,0,42,16,"{0: 9, 1: 7}",hea,RX_RY_RZ_CNOT,angle,ry_angle,circular,cnot,binary_cross_entropy,single_qubit_z,8,16,16,128,128,8,23,5,0.013271141735506411,0.00022851831598544865,0.07466583150685187,0.029124992153624678,8.90627120423565e-05,0.0
task_aware_bp,supervised_loss,same_depth,heart_8q_task_aware,heart_disease,binary_subset,0,42,16,"{0: 9, 1: 7}",hea,RX_RY_RZ_CNOT,angle,ry_angle,circular,cnot,binary_cross_entropy,single_qubit_z,8,16,16,128,128,8,23,6,0.007504845459865207,0.00011300312253817138,0.05339524146263066,0.030764934310545094,0.00043137245382107725,0.0
task_aware_bp,supervised_loss,same_depth,heart_8q_task_aware,heart_disease,binary_subset,0,42,16,"{0: 9, 1: 7}",hea,RX_RY_RZ_CNOT,angle,ry_angle,circular,cnot,binary_cross_entropy,single_qubit_z,8,16,16,128,128,8,23,7,0.009630004891019612,0.00014009751255977113,0.05806132477645139,0.0268061656143947,0.0007300784989209431,0.0
task_aware_bp,supervised_loss,same_depth,heart_8q_task_aware,heart_disease,binary_subset,0,42,16,"{0: 9, 1: 7}",hea,RX_RY_RZ_CNOT,angle,ry_angle,circular,cnot,binary_cross_entropy,single_qubit_z,8,16,16,128,128,8,23,8,0.010764039542957016,0.0001420237858961518,0.05839879600216232,0.018154952242483664,0.0015419601200459228,0.0
task_aware_bp,supervised_loss,same_depth,heart_8q_task_aware,heart_disease,binary_subset,0,42,16,"{0: 9, 1: 7}",hea,RX_RY_RZ_CNOT,angle,ry_angle,circular,cnot,binary_cross_entropy,single_qubit_z,8,16,16,128,128,8,23,9,0.006582297816801392,6.399182334111992e-05,0.03962425108036644,0.01734702098561118,0.00011133628417669093,0.0
task_aware_bp,supervised_loss,same_depth,heart_8q_task_aware,heart_disease,binary_subset,0,42,16,"{0: 9, 1: 7}",hea,RX_RY_RZ_CNOT,angle,ry_angle,circular,cnot,binary_cross_entropy,single_qubit_z,8,16,16,128,128,8,23,10,0.006957757684902972,7.540911765750277e-05,0.04260105853107661,0.01917826559674843,0.0003402668693645882,0.0
task_aware_bp,supervised_loss,same_depth,heart_8q_task_aware,heart_disease,binary_subset,0,42,16,"{0: 9, 1: 7}",hea,RX_RY_RZ_CNOT,angle,ry_angle,circular,cnot,binary_cross_entropy,single_qubit_z,8,16,16,128,128,8,23,11,0.007194013609740111,6.259253753911954e-05,0.03953665398194657,0.014189865145065296,0.0006962334181879722,0.0
task_aware_bp,supervised_loss,same_depth,heart_8q_task_aware,heart_disease,binary_subset,0,42,16,"{0: 9, 1: 7}",hea,RX_RY_RZ_CNOT,angle,ry_angle,circular,cnot,binary_cross_entropy,single_qubit_z,8,16,16,128,128,8,23,12,0.010784071391790726,0.0001471094159734221,0.06077222678021989,0.02200538371301056,0.00033144797856377896,0.0
task_aware_bp,supervised_loss,same_depth,heart_8q_task_aware,heart_disease,binary_subset,0,42,16,"{0: 9, 1: 7}",hea,RX_RY_RZ_CNOT,angle,ry_angle,circular,cnot,binary_cross_entropy,single_qubit_z,8,16,16,128,128,8,23,13,0.007207890236504128,7.906391076253315e-05,0.046500297846268315,0.017822609065123188,5.0764023759866704e-05,0.0
task_aware_bp,supervised_loss,same_depth,heart_8q_task_aware,heart_disease,binary_subset,0,42,16,"{0: 9, 1: 7}",hea,RX_RY_RZ_CNOT,angle,ry_angle,circular,cnot,binary_cross_entropy,single_qubit_z,8,16,16,128,128,8,23,14,0.012807083960667417,0.0002392377726030913,0.07736197500366838,0.03101088791195367,0.0010332391862723656,0.0
task_aware_bp,supervised_loss,same_depth,heart_8q_task_aware,heart_disease,binary_subset,0,42,16,"{0: 9, 1: 7}",hea,RX_RY_RZ_CNOT,angle,ry_angle,circular,cnot,binary_cross_entropy,single_qubit_z,8,16,16,128,128,8,23,15,0.006553311568487845,0.0001368542307838377,0.05879820784295108,0.03566049430825835,4.1976599033472877e-19,0.4166666666666667
task_aware_bp,supervised_loss,same_depth,heart_8q_task_aware,heart_disease,binary_subset,0,42,16,"{0: 9, 1: 7}",hea,RX_RY_RZ_CNOT,angle,ry_angle,circular,cnot,binary_cross_entropy,single_qubit_z,8,16,16,128,128,8,24,0,0.007199556341091165,6.791696206370091e-05,0.04093205269778371,0.0181651546024965,0.00018539155959200384,0.0
task_aware_bp,supervised_loss,same_depth,heart_8q_task_aware,heart_disease,binary_subset,0,42,16,"{0: 9, 1: 7}",hea,RX_RY_RZ_CNOT,angle,ry_angle,circular,cnot,binary_cross_entropy,single_qubit_z,8,16,16,128,128,8,24,1,0.007770968202496414,8.224055652819133e-05,0.04481521889405127,0.019384829968612422,0.00030230455697400965,0.0
task_aware_bp,supervised_loss,same_depth,heart_8q_task_aware,heart_disease,binary_subset,0,42,16,"{0: 9, 1: 7}",hea,RX_RY_RZ_CNOT,angle,ry_angle,circular,cnot,binary_cross_entropy,single_qubit_z,8,16,16,128,128,8,24,2,0.008633550193933222,0.00012073975316294306,0.05395957765667917,0.027067844185191925,3.10039980398478e-05,0.0
task_aware_bp,supervised_loss,same_depth,heart_8q_task_aware,heart_disease,binary_subset,0,42,16,"{0: 9, 1: 7}",hea,RX_RY_RZ_CNOT,angle,ry_angle,circular,cnot,binary_cross_entropy,single_qubit_z,8,16,16,128,128,8,24,3,0.010688728518191004,0.00017926804447667994,0.066013536424485,0.03046491073428374,0.0006784557658311271,0.0
task_aware_bp,supervised_loss,same_depth,heart_8q_task_aware,heart_disease,binary_subset,0,42,16,"{0: 9, 1: 7}",hea,RX_RY_RZ_CNOT,angle,ry_angle,circular,cnot,binary_cross_entropy,single_qubit_z,8,16,16,128,128,8,24,4,0.009680406535497307,0.00012365257408358005,0.05560577358571899,0.02640393667901005,0.0002058158978520191,0.0
task_aware_bp,supervised_loss,same_depth,heart_8q_task_aware,heart_disease,binary_subset,0,42,16,"{0: 9, 1: 7}",hea,RX_RY_RZ_CNOT,angle,ry_angle,circular,cnot,binary_cross_entropy,single_qubit_z,8,16,16,128,128,8,24,5,0.009462911058881454,0.0001184426786186564,0.0537635956929725,0.022583983959231484,0.0013189214200144657,0.0
task_aware_bp,supervised_loss,same_depth,heart_8q_task_aware,heart_disease,binary_subset,0,42,16,"{0: 9, 1: 7}",hea,RX_RY_RZ_CNOT,angle,ry_angle,circular,cnot,binary_cross_entropy,single_qubit_z,8,16,16,128,128,8,24,6,0.007817814141930241,8.962060638070682e-05,0.04739908886064086,0.022157997517490015,8.761789943444176e-05,0.0
task_aware_bp,supervised_loss,same_depth,heart_8q_task_aware,heart_disease,binary_subset,0,42,16,"{0: 9, 1: 7}",hea,RX_RY_RZ_CNOT,angle,ry_angle,circular,cnot,binary_cross_entropy,single_qubit_z,8,16,16,128,128,8,24,7,0.007552774379337608,7.776311362271448e-05,0.043718505292514795,0.014718707877226702,0.0001359301899386651,0.0
task_aware_bp,supervised_loss,same_depth,heart_8q_task_aware,heart_disease,binary_subset,0,42,16,"{0: 9, 1: 7}",hea,RX_RY_RZ_CNOT,angle,ry_angle,circular,cnot,binary_cross_entropy,single_qubit_z,8,16,16,128,128,8,24,8,0.008933289374089647,0.00011225086041901152,0.05248677518552973,0.024243346936414754,0.0006765254849215186,0.0
task_aware_bp,supervised_loss,same_depth,heart_8q_task_aware,heart_disease,binary_subset,0,42,16,"{0: 9, 1: 7}",hea,RX_RY_RZ_CNOT,angle,ry_angle,circular,cnot,binary_cross_entropy,single_qubit_z,8,16,16,128,128,8,24,9,0.007940299540030756,0.00010296813235619101,0.049712473354486995,0.0199373233456498,0.0010452219376578687,0.0
task_aware_bp,supervised_loss,same_depth,heart_8q_task_aware,heart_disease,binary_subset,0,42,16,"{0: 9, 1: 7}",hea,RX_RY_RZ_CNOT,angle,ry_angle,circular,cnot,binary_cross_entropy,single_qubit_z,8,16,16,128,128,8,24,10,0.009907222676926303,0.00017418134126136997,0.06499603992376238,0.03388536432573047,0.00086324298886178,0.0
task_aware_bp,supervised_loss,same_depth,heart_8q_task_aware,heart_disease,binary_subset,0,42,16,"{0: 9, 1: 7}",hea,RX_RY_RZ_CNOT,angle,ry_angle,circular,cnot,binary_cross_entropy,single_qubit_z,8,16,16,128,128,8,24,11,0.011279960650420072,0.00015536697244142411,0.06108780824301715,0.019155544068655557,0.002774307942448091,0.0
task_aware_bp,supervised_loss,same_depth,heart_8q_task_aware,heart_disease,binary_subset,0,42,16,"{0: 9, 1: 7}",hea,RX_RY_RZ_CNOT,angle,ry_angle,circular,cnot,binary_cross_entropy,single_qubit_z,8,16,16,128,128,8,24,12,0.009495600299050218,0.00012400660040076913,0.054554363384566255,0.020875452235479937,0.0001812081024404065,0.0
task_aware_bp,supervised_loss,same_depth,heart_8q_task_aware,heart_disease,binary_subset,0,42,16,"{0: 9, 1: 7}",hea,RX_RY_RZ_CNOT,angle,ry_angle,circular,cnot,binary_cross_entropy,single_qubit_z,8,16,16,128,128,8,24,13,0.008513845401099883,0.00010237395793909124,0.05047316882445206,0.025196479590462208,0.00022572022320887044,0.0
task_aware_bp,supervised_loss,same_depth,heart_8q_task_aware,heart_disease,binary_subset,0,42,16,"{0: 9, 1: 7}",hea,RX_RY_RZ_CNOT,angle,ry_angle,circular,cnot,binary_cross_entropy,single_qubit_z,8,16,16,128,128,8,24,14,0.007611767699940448,0.00010195544688472581,0.05035302928211,0.026020218292060426,0.00018479482057435413,0.0
task_aware_bp,supervised_loss,same_depth,heart_8q_task_aware,heart_disease,binary_subset,0,42,16,"{0: 9, 1: 7}",hea,RX_RY_RZ_CNOT,angle,ry_angle,circular,cnot,binary_cross_entropy,single_qubit_z,8,16,16,128,128,8,24,15,0.0049271217253648745,6.62639573271981e-05,0.04064395236427467,0.01875017905664139,4.990681983814652e-19,0.4166666666666667
